id,left,top,right,bottom,GSA,depth_mean,depth_stde,depth_min,depth_max,n_km2,X,Y,n_particles,Sin,Sout,nsry,spwn
0,13.15000017,45.75,13.25000013,45.65,17,15.86557305786,19.7534410389674,0.0,91.944953918457,0.0668995370952381,13.2,45.7,0.0,0.0,0.0,0.0,0.0
1,13.25000017,45.75,13.35000013,45.65,17,7.73633591631208,11.2123224222204,0.0,92.3017272949219,0.111370010380952,13.3,45.7,0.0,0.0,0.0,0.0,0.0
2,13.45000019,45.75,13.55000013,45.65,17,4.23497085475537,4.80178700343741,0.0,25.9856986999512,0.396893449238095,13.5,45.7,0.0,0.0,0.0,0.0,0.0
3,13.55000019,45.75,13.65000013,45.65,17,14.9206350828042,5.56217764851833,0.0,24.5,2.115529825,13.6,45.7,0.0,0.0,0.0,0.0,0.0
4,13.65000021,45.75,13.75000013,45.65,17,12.5405749339196,9.05539397335249,0.0,24.0,2.95320830433333,13.7,45.7,0.0,0.0,0.0,0.0,0.0
5,13.25000013,45.65,13.35000013,45.55,17,15.1856499505747,2.50438718476304,11.6499996185303,21.5,0.369232926952381,13.3,45.6,0.0,0.0,0.0,0.0,0.0
6,13.35000013,45.65,13.45000013,45.55,17,18.4050794289344,3.58867495282396,9.40207099914551,23.75,1.845792349,13.4,45.6,0.0,0.0,0.0,0.0,0.0
7,13.45000013,45.65,13.55000013,45.55,17,21.0717311631888,3.50445039965869,6.0,25.0,4.00901034619048,13.5,45.6,0.0,0.0,0.0,0.0,0.0
8,13.55000013,45.65,13.65000013,45.55,17,23.739469398227,1.34020530130547,18.8500003814697,25.0,6.4002791997619,13.6,45.6,0.0,0.0,0.0,0.0,0.0
9,13.65000013,45.65,13.75000013,45.55,17,15.6884387851201,8.15103934489787,0.0,24.3500003814697,3.918733186,13.7,45.6,0.0,0.0,0.0,0.0,0.0
10,12.65000013,45.55,12.75000013,45.45,17,9.89408928871853,7.73248105190041,0.0,21.5,0.0287225483809524,12.7,45.5,0.0,0.0,0.0,0.0,0.0
11,12.75000013,45.55,12.85000013,45.45,17,17.3900268519776,5.28641699453,0.0,23.8999996185303,0.150202583857143,12.8,45.5,0.0,0.0,0.0,0.0,0.0
12,12.85000013,45.55,12.95000013,45.45,17,20.3746202003418,2.32880534037271,13.3500003814697,24.0,0.487784427142857,12.9,45.5,0.0,0.0,0.0,0.0,0.0
13,12.95000013,45.55,13.05000013,45.45,17,20.8423176976956,1.73775465129186,17.2000007629395,26.0,0.859713370238095,13.0,45.5,0.0,0.0,0.0,0.0,0.0
14,13.05000013,45.55,13.15000013,45.45,17,21.9499891286509,2.41334171193907,17.0,26.0,1.5850191467619,13.1,45.5,0.0,0.05,0.0,0.0,0.0
15,13.15000013,45.55,13.25000013,45.45,17,22.3688681041662,2.20696373486553,17.0,25.0,2.128104006,13.2,45.5,0.0526315789473684,0.0,0.0,0.0,0.0
16,13.25000013,45.55,13.35000013,45.45,17,23.015212652377,1.4704364584335,18.25,25.1000003814697,3.11123589028571,13.3,45.5,0.0,0.0,0.0,0.0,0.0
17,13.35000013,45.55,13.45000013,45.45,17,24.6327311053044,2.49628193965734,21.5499992370605,35.0,4.43762565542857,13.4,45.5,0.0,0.0,0.0,0.0,0.0
18,12.45000013,45.45,12.55000013,45.35,17,15.0212987586209,4.56767268172605,0.0,20.0,0.0413169130952381,12.5,45.4,0.0,0.0,0.0,0.0,0.0
19,12.55000013,45.45,12.65000013,45.35,17,19.1352815366247,1.17323930078127,11.3800001144409,21.0,0.102794968190476,12.6,45.4,0.0,0.0,0.0,0.0,0.0
20,12.65000013,45.45,12.75000013,45.35,17,21.3449815381318,0.919686107328056,18.2000007629395,24.0,0.303357414142857,12.7,45.4,0.0,0.0,0.0,0.0,0.0
21,12.75000013,45.45,12.85000013,45.35,17,23.1656738186462,1.5650107761412,20.0,28.7000007629395,0.925902272285714,12.8,45.4,0.0,0.05,0.0,0.0,0.0
22,12.85000013,45.45,12.95000013,45.35,17,25.9235893943244,2.50846898727109,21.7999992370605,29.4500007629395,3.09130815490476,12.9,45.4,0.0526315789473684,0.1,0.0,0.0,0.0
23,12.95000013,45.45,13.05000013,45.35,17,27.7016818411648,1.66860089933073,22.25,31.2000007629395,5.21488140261905,13.0,45.4,0.0,0.05,0.0,0.0,0.0
24,13.05000013,45.45,13.15000013,45.35,17,26.815961363208,2.18721270964649,21.0,30.7999992370605,6.4879755552381,13.1,45.4,0.0,0.0,0.0,0.0,0.0
25,13.15000013,45.45,13.25000013,45.35,17,26.1518685324086,2.10293177009523,23.0,30.25,6.6306732162381,13.2,45.4,0.0526315789473684,0.0,0.0,0.0,0.0
26,13.25000013,45.45,13.35000013,45.35,17,26.1157063498265,1.40804299094198,24.2999992370605,29.1499996185303,6.63267002085714,13.3,45.4,0.0,0.05,0.0,0.0,0.0
27,13.35000013,45.45,13.45000013,45.35,17,26.1756998555114,1.90528808285651,24.8999996185303,35.0,5.947339445,13.4,45.4,0.0,0.0,0.0,0.0,0.0
28,13.45000013,45.45,13.55000013,45.35,17,17.7244786373404,9.87278616975721,0.0,33.5499992370605,5.79726132952381,13.5,45.4,0.0,0.0,0.0,0.0,0.0
29,12.35000013,45.35,12.45000013,45.25,17,17.3846870879125,2.65584999953171,9.39400005340576,22.1499996185303,0.10330486747619,12.4,45.3,0.0,0.0,0.0,0.0,0.0
30,12.45000013,45.35,12.55000013,45.25,17,20.8730197439177,2.14475761589124,16.0,25.0499992370605,0.217087348714286,12.5,45.3,0.0,0.0,0.0,0.0,0.0
31,12.55000013,45.35,12.65000013,45.25,17,23.0985731201039,2.4588995436156,18.0,27.0,0.551400884047619,12.6,45.3,0.0526315789473684,0.0,0.0,0.0,0.09523809523809523
32,12.65000013,45.35,12.75000013,45.25,17,24.6615505506181,2.51738903251327,20.0,29.0,1.28750044752381,12.7,45.3,0.2631578947368421,0.05,0.0,0.0,0.09523809523809523
33,12.75000013,45.35,12.85000013,45.25,17,27.7903265915811,1.96602587088973,21.75,31.1000003814697,4.09124342571429,12.8,45.3,0.4210526315789473,0.25,0.0,0.0,0.09523809523809523
34,12.85000013,45.35,12.95000013,45.25,17,29.9922254549132,0.95020332929621,27.0,32.0,10.9670750740952,12.9,45.3,0.1052631578947368,0.25,0.0,0.0,0.2857142857142857
35,12.95000013,45.35,13.05000013,45.25,17,31.2680067121983,0.620388318173685,29.5,32.4000015258789,17.2209733115714,13.0,45.3,0.2105263157894736,0.05,0.0,0.0,0.09523809523809523
36,13.05000013,45.35,13.15000013,45.25,17,31.670220244262,0.953958232826126,29.0,33.8499984741211,21.3190327850952,13.1,45.3,0.1052631578947368,0.1,0.0,0.0,0.14285714285714285
37,13.15000013,45.35,13.25000013,45.25,17,31.6876180833558,1.04942953628751,29.25,34.0,19.8521277647619,13.2,45.3,0.0526315789473684,0.0,0.0,0.0,0.0
38,13.25000013,45.35,13.35000013,45.25,17,30.3015733245346,1.15650041365054,28.2000007629395,33.0499992370605,13.246892806619,13.3,45.3,0.0,0.0,0.0,0.0,0.0
39,13.35000013,45.35,13.45000013,45.25,17,28.1000379555755,1.47078677643986,25.0,30.2999992370605,7.85554357690476,13.4,45.3,0.0,0.0,0.0,0.0,0.0
40,13.45000013,45.35,13.55000013,45.25,17,24.4872590026353,4.6334731038835,0.0,28.1499996185303,5.53043981333333,13.5,45.3,0.0,0.0,0.0,0.0,0.0
41,14.35000013,45.35,14.45000013,45.25,17,49.8414673544466,22.4225623180353,0.0,65.4743728637695,437.256935033333,14.4,45.3,354.157894736842,167.24999999999997,128.64999999999998,361.04761904761904,360.23809523809524
42,12.35000013,45.25,12.45000013,45.15,17,20.347169784829,3.14130708021575,7.5,24.2999992370605,0.361284142761905,12.4,45.2,0.0,0.0,0.0,0.0,0.0
43,12.45000013,45.25,12.55000013,45.15,17,24.6627441199703,1.15082134183828,21.0,27.0,0.760739141428571,12.5,45.2,0.0,0.0,0.0,0.0,0.047619047619047616
44,12.55000013,45.25,12.65000013,45.15,17,26.2757432700859,0.71955384067723,25.0,28.0,1.54742982780952,12.6,45.2,0.3157894736842105,0.25,0.0,0.0,0.19047619047619047
45,12.65000013,45.25,12.75000013,45.15,17,26.9742024590572,0.712441318237779,26.0,29.7999992370605,3.64001246271429,12.7,45.2,0.631578947368421,0.3,0.0,0.0,0.19047619047619047
46,12.75000013,45.25,12.85000013,45.15,17,28.3436216264963,1.20197624010971,26.0,31.7630004882812,9.4038243172381,12.8,45.2,0.631578947368421,0.4499999999999999,0.0,0.0,0.5238095238095237
47,12.85000013,45.25,12.95000013,45.15,17,30.1563689002974,1.02728611340985,28.1000003814697,32.1980018615723,22.9675080314286,12.9,45.2,0.5263157894736842,0.55,0.0,0.0,0.8095238095238095
48,12.95000013,45.25,13.05000013,45.15,17,32.2181301032089,0.873293552068566,29.3999996185303,34.367000579834,36.078699997619,13.0,45.2,0.5789473684210527,0.25,0.0,0.0,0.7142857142857144
49,13.05000013,45.25,13.15000013,45.15,17,34.0511555609604,0.603893211942475,32.5,35.25,41.8626649466667,13.1,45.2,0.3684210526315789,0.25,0.0,0.0,0.09523809523809523
50,13.15000013,45.25,13.25000013,45.15,17,34.3325128141547,0.484861344683392,33.0999984741211,35.2000007629395,34.2241718466667,13.2,45.2,0.2631578947368421,0.05,0.0,0.0,0.19047619047619047
51,13.25000013,45.25,13.35000013,45.15,17,33.2771663508481,0.729739087197687,30.3500003814697,34.203125,19.9514448879524,13.3,45.2,0.0526315789473684,0.0,0.0,0.0,0.0
52,13.35000013,45.25,13.45000013,45.15,17,31.3365140722858,1.60219776207369,28.2000007629395,35.04296875,10.9238573199048,13.4,45.2,0.0526315789473684,0.0,0.0,0.0,0.047619047619047616
53,13.45000013,45.25,13.55000013,45.15,17,28.7322464154826,1.19716479811641,24.5,31.954740524292,7.7869025992381,13.5,45.2,0.0,0.05,0.0,0.0,0.0
54,14.25000013,45.25,14.35000013,45.15,17,52.1216111311482,22.307769792019,0.0,65.7793731689453,500.109084157143,14.3,45.2,287.21052631578937,168.55000000000004,302.0,374.0476190476191,288.04761904761904
55,14.35000013,45.25,14.45000013,45.15,17,61.3413633543791,12.6169176423619,0.0,66.8787536621094,493.152071623809,14.4,45.2,217.1052631578948,131.95000000000002,368.1,408.23809523809524,213.7619047619048
56,14.45000013,45.25,14.55000013,45.15,17,50.594035160883,20.6310642241446,0.0,63.935001373291,417.356492095238,14.5,45.2,420.1052631578947,179.65000000000003,85.3,347.42857142857144,418.57142857142856
57,12.35000013,45.15,12.45000013,45.05,17,15.2696633441034,7.31702782759263,0.0,25.0,0.394164276428571,12.4,45.1,0.0,0.0,0.0,0.0,0.0
58,12.45000013,45.15,12.55000013,45.05,17,25.9597113480171,1.6866597483296,15.0,29.0,1.15467777285714,12.5,45.1,0.2105263157894736,0.05,0.0,0.0,0.047619047619047616
59,12.55000013,45.15,12.65000013,45.05,17,28.4624240346667,1.09552572055752,25.1499996185303,30.0,2.59151667842857,12.6,45.1,1.2105263157894737,0.5,0.0,0.0,0.7619047619047621
60,12.65000013,45.15,12.75000013,45.05,17,30.0021085279683,0.720941863207371,27.0,31.9309997558594,6.88339970942857,12.7,45.1,1.8947368421052624,1.0,0.0,0.0,0.7142857142857144
61,12.75000013,45.15,12.85000013,45.05,17,31.5527766202059,0.831597288676188,29.8010005950928,33.5940017700195,16.9460782428571,12.8,45.1,1.2105263157894737,1.1,0.0,0.0,1.1428571428571432
62,12.85000013,45.15,12.95000013,45.05,17,32.472682327653,0.664823768814019,29.5289993286133,33.3499984741211,37.3787821038095,12.9,45.1,0.8947368421052629,0.8,0.0,0.0,0.6190476190476191
63,12.95000013,45.15,13.05000013,45.05,17,33.7871089261025,0.612844837548856,31.0149841308594,34.7999992370605,54.7493215338095,13.0,45.1,0.9999999999999998,0.8000000000000003,0.0,0.0,0.47619047619047616
64,13.05000013,45.15,13.15000013,45.05,17,34.829649258405,0.663834386122994,31.748420715332,36.1615104675293,56.7568139028571,13.1,45.1,0.4210526315789473,0.3999999999999999,0.0,0.0,0.2857142857142857
65,13.15000013,45.15,13.25000013,45.05,17,35.0002893107044,0.802994861972862,32.1596145629883,37.1016654968262,40.0251223961905,13.2,45.1,0.1052631578947368,0.15,0.0,0.0,0.047619047619047616
66,13.25000013,45.15,13.35000013,45.05,17,35.0505680152112,1.46411335875572,31.7368907928467,40.9093818664551,24.684201452381,13.3,45.1,0.0526315789473684,0.0,0.0,0.0,0.047619047619047616
67,13.35000013,45.15,13.45000013,45.05,17,34.6987265460193,2.0176932553259,29.8887920379639,41.9584617614746,14.7760510788095,13.4,45.1,0.1052631578947368,0.05,0.0,0.0,0.09523809523809523
68,13.45000013,45.15,13.55000013,45.05,17,31.7259077829205,1.26289496636467,27.91015625,37.0846138000488,10.1712733369048,13.5,45.1,0.4736842105263157,0.2,0.0,0.0,0.5238095238095237
69,13.55000013,45.15,13.65000013,45.05,17,16.4450696114994,11.7418597705673,0.0,34.1953125,5.71286381271429,13.6,45.1,0.0526315789473684,0.1,0.0,0.0,0.0
70,14.15000013,45.15,14.25000013,45.05,17,31.4903312519374,27.9847835114703,0.0,65.8556213378906,317.2857406,14.2,45.1,336.421052631579,166.05,125.85,295.9047619047619,349.1428571428572
71,14.35000013,45.15,14.45000013,45.05,17,46.6004289406248,27.4866854508713,0.0,76.8249969482422,622.412063371429,14.4,45.1,858.578947368421,376.6500000000001,165.29999999999998,565.9999999999999,753.6666666666667
72,14.65000013,45.15,14.75000013,45.05,17,29.7251489421663,25.6684203816259,0.0,60.2496871948242,289.013546597619,14.7,45.1,268.7894736842105,44.25,40.7,259.76190476190476,263.76190476190476
73,14.75000013,45.15,14.85000013,45.05,17,41.0709099949131,27.0698845386039,0.0,63.9437484741211,261.206214343333,14.8,45.1,162.31578947368422,40.8,45.25,165.3809523809524,160.28571428571428
74,12.55000013,45.05,12.65000013,44.95,17,26.3648787129463,6.45016888601311,0.0,31.1340007781982,2.76047283257143,12.6,45.0,1.4210526315789471,0.7000000000000002,0.0,0.0,0.5714285714285714
75,12.65000013,45.05,12.75000013,44.95,17,30.6993269680275,0.738804174779976,29.0,32.0,9.44730986528571,12.7,45.0,3.000000000000001,2.2500000000000004,0.0,0.0,2.0
76,12.75000013,45.05,12.85000013,44.95,17,32.0742730078184,0.397335477659222,31.0,33.0,24.7429564009524,12.8,45.0,2.1052631578947367,2.4999999999999987,0.0,0.0,3.0952380952380936
77,12.85000013,45.05,12.95000013,44.95,17,32.9936360650592,0.427596757331399,32.0,34.2999992370605,49.0116432590476,12.9,45.0,1.8947368421052628,2.1499999999999995,0.0,0.0,2.8095238095238093
78,12.95000013,45.05,13.05000013,44.95,17,34.6079525964128,0.599159215387285,32.4214553833008,36.0,66.2492669090476,13.0,45.0,1.052631578947368,1.0,0.0,0.0,1.4761904761904767
79,13.05000013,45.05,13.15000013,44.95,17,36.0214626472443,2.13608753963159,31.8153057098389,49.4157524108887,63.0689546709524,13.1,45.0,0.7368421052631577,0.35,0.0,0.0,0.47619047619047616
80,13.15000013,45.05,13.25000013,44.95,17,36.675512707725,2.18812435111932,31.7306289672852,48.1901893615723,42.79331145,13.2,45.0,0.1578947368421052,0.35,0.0,0.0,0.47619047619047616
81,13.25000013,45.05,13.35000013,44.95,17,37.9083453661038,1.03882792942759,35.8084869384766,41.7799377441406,28.2801352271429,13.3,45.0,0.2105263157894736,0.3,0.0,0.0,0.23809523809523808
82,13.35000013,45.05,13.45000013,44.95,17,39.1506828504304,1.26522213188802,35.7458915710449,43.8178100585938,18.2783822017619,13.4,45.0,0.5789473684210527,0.35,0.0,0.0,0.2857142857142857
83,13.45000013,45.05,13.55000013,44.95,17,37.4310555234551,2.16780205915021,31.8519077301025,43.9958839416504,13.1269141580952,13.5,45.0,0.4210526315789473,0.7000000000000001,0.0,0.0,0.857142857142857
84,13.55000013,45.05,13.65000013,44.95,17,33.9608003120455,5.29396596739639,0.0,45.6041488647461,14.285526303619,13.6,45.0,1.5263157894736843,0.65,0.0,0.0,0.7619047619047619
85,13.65000013,45.05,13.75000013,44.95,17,16.2656928087235,13.3225659003245,0.0,36.7415237426758,5.67539322871429,13.7,45.0,0.1578947368421052,0.15,0.0,0.0,0.2857142857142857
86,14.15000013,45.05,14.25000013,44.95,17,44.5540733709414,19.5162354641645,0.0,59.8571891784668,386.1798544,14.2,45.0,354.8947368421051,251.20000000000007,148.60000000000002,340.19047619047615,356.6190476190476
87,14.25000013,45.05,14.35000013,44.95,17,50.3406825606815,4.08592964454151,0.0,55.1993751525879,464.343570966667,14.3,45.0,275.9999999999999,61.59999999999999,100.85,336.04761904761904,260.42857142857144
88,14.45000013,45.05,14.55000013,44.95,17,29.7221930956261,31.2588173367469,0.0,113.012809753418,742.184995033333,14.5,45.0,1072.421052631579,339.24999999999994,58.5,763.6666666666665,1035.0952380952374
89,12.55000013,44.95,12.65000013,44.85,17,22.2245686945195,4.98740005269663,6.34999990463257,29.6499996185303,1.80893069466667,12.6,44.9,2.526315789473685,1.2500000000000004,0.0,0.0,0.6190476190476191
90,12.65000013,44.95,12.75000013,44.85,17,31.1186794702792,1.3978831890124,27.8999996185303,33.0,12.7122765515714,12.7,44.9,6.105263157894735,4.05,0.0,0.0,2.809523809523809
91,12.75000013,44.95,12.85000013,44.85,17,32.3777506349401,0.588293707209159,31.0,33.7999992370605,31.7531779204762,12.8,44.9,3.4736842105263164,4.1,0.0,0.0,4.714285714285713
92,12.85000013,44.95,12.95000013,44.85,17,34.073627355612,0.687914393190946,32.0999984741211,35.5499992370605,58.37583716,12.9,44.9,1.9473684210526307,2.7,0.0,0.0,4.666666666666664
93,12.95000013,44.95,13.05000013,44.85,17,35.6194010521803,0.818929950761192,34.2999992370605,38.0,66.4604325785714,13.0,44.9,1.9473684210526312,1.9500000000000004,0.0,0.0,2.666666666666665
94,13.05000013,44.95,13.15000013,44.85,17,36.8245445912083,1.038011305133,33.9690017700195,43.6129493713379,56.6609733271429,13.1,44.9,1.157894736842105,1.5000000000000002,0.0,0.0,1.2857142857142858
95,13.15000013,44.95,13.25000013,44.85,17,38.0370290088899,3.28874424666118,31.8824558258057,52.3164329528809,40.7290883133333,13.2,44.9,0.3684210526315789,1.3500000000000003,0.0,0.0,1.1904761904761902
96,13.25000013,44.95,13.35000013,44.85,17,40.7108495707313,3.18339797743474,34.9970779418945,51.9463081359863,25.3548356290476,13.3,44.9,0.8421052631578948,0.7500000000000002,0.0,0.0,0.8095238095238098
97,13.35000013,44.95,13.45000013,44.85,17,40.1980864161419,0.676267727624444,37.8315162658691,43.1718940734863,15.7403361288571,13.4,44.9,0.0526315789473684,0.5499999999999999,0.0,0.0,0.5714285714285714
98,13.45000013,44.95,13.55000013,44.85,17,39.974914541675,0.786752498761455,37.8212852478027,44.0101280212402,12.3294358259048,13.5,44.9,0.7368421052631577,1.1,0.0,0.0,1.1428571428571432
99,13.55000013,44.95,13.65000013,44.85,17,38.9148898683488,1.95802682167192,33.8690185546875,45.9310264587402,15.2623112045238,13.6,44.9,2.473684210526316,1.8500000000000003,0.0,0.0,2.38095238095238
100,13.65000013,44.95,13.75000013,44.85,17,30.4898186578519,12.5419483106484,0.0,45.6952857971191,25.3516786761429,13.7,44.9,2.7894736842105265,2.2,0.0,0.0,3.4285714285714284
101,14.05000013,44.95,14.15000013,44.85,17,46.6294587262803,5.23705418905423,0.0,54.4206275939941,237.085351155238,14.1,44.9,97.94736842105266,67.04999999999995,148.65,132.95238095238096,99.57142857142864
102,14.15000013,44.95,14.25000013,44.85,17,49.6876770332456,1.36594726323672,47.0799980163574,54.5174980163574,307.997084680952,14.2,44.9,157.5263157894737,78.84999999999998,220.05000000000004,294.80952380952385,145.99999999999994
103,14.25000013,44.95,14.35000013,44.85,17,32.7120299856178,22.4374517065682,0.0,55.9931259155273,429.464190857143,14.3,44.9,329.2105263157893,90.99999999999996,121.65,410.1904761904762,307.95238095238096
104,14.45000013,44.95,14.55000013,44.85,17,72.2340469798073,28.1684407663411,0.0,96.1424179077148,803.001093585714,14.5,44.9,591.8421052631579,165.64999999999998,429.7000000000001,808.0,578.0952380952381
105,14.55000013,44.95,14.65000013,44.85,17,79.6818055262168,17.5692130940144,0.0,96.1418914794922,678.572051542857,14.6,44.9,441.9473684210527,171.70000000000002,375.15,636.142857142857,407.1428571428571
106,14.65000013,44.95,14.75000013,44.85,17,51.1161245448618,27.4451732784796,0.0,88.6345520019531,507.993177423809,14.7,44.9,511.6315789473685,116.54999999999998,119.05,477.85714285714283,465.3333333333334
107,12.45000013,44.85,12.55000013,44.75,17,18.1773364071204,6.43282239376875,0.0,26.6499996185303,0.646805538190476,12.5,44.8,0.2105263157894736,0.15,0.0,0.0,0.47619047619047616
108,12.55000013,44.85,12.65000013,44.75,17,27.5056640381614,1.69256936758138,20.7999992370605,30.8999996185303,6.39046768142857,12.6,44.8,3.473684210526316,2.599999999999999,0.0,0.0,2.285714285714285
109,12.65000013,44.85,12.75000013,44.75,17,31.4527506074972,0.844957509594671,28.5,33.7999992370605,18.642055895619,12.7,44.8,7.157894736842104,6.099999999999998,0.0,0.0,5.523809523809522
110,12.75000013,44.85,12.85000013,44.75,17,33.5415147307018,0.751908132878318,32.0,35.1500015258789,37.5453240719048,12.8,44.8,5.894736842105262,7.149999999999997,0.0,0.0,7.238095238095239
111,12.85000013,44.85,12.95000013,44.75,17,35.6480142987437,0.687757910486708,33.8499984741211,37.7000007629395,54.7836645466667,12.9,44.8,7.105263157894737,7.249999999999997,0.0,0.0,9.619047619047617
112,12.95000013,44.85,13.05000013,44.75,17,37.5383246458239,1.11095244311061,35.5999984741211,40.0,53.0577623385714,13.0,44.8,7.157894736842104,6.049999999999998,0.0,0.0,8.285714285714285
113,13.05000013,44.85,13.15000013,44.75,17,39.3646577128934,0.788124826108657,37.4000015258789,41.0,42.4355891742857,13.1,44.8,6.578947368421051,5.999999999999997,0.0,0.0,6.666666666666666
114,13.15000013,44.85,13.25000013,44.75,17,40.8021470353366,1.47269583190826,35.9901657104492,45.1100883483887,30.265432422381,13.2,44.8,3.947368421052632,5.049999999999999,0.0,0.0,7.047619047619047
115,13.25000013,44.85,13.35000013,44.75,17,40.1891586635676,2.06833825226198,34.0507011413574,47.1807823181152,18.9730446158095,13.3,44.8,3.2105263157894752,2.949999999999999,0.0,0.0,5.857142857142857
116,13.35000013,44.85,13.45000013,44.75,17,40.8340073815651,1.70283117140837,35.8922004699707,44.2256050109863,14.634537053619,13.4,44.8,2.7894736842105265,2.899999999999999,0.0,0.0,3.809523809523808
117,13.45000013,44.85,13.55000013,44.75,17,42.1506554939681,0.506271387228033,40.0322418212891,44.0166778564453,13.6989202209048,13.5,44.8,2.5263157894736845,1.9000000000000008,0.0,0.0,3.619047619047618
118,13.55000013,44.85,13.65000013,44.75,17,42.0870257450475,0.55233724245415,39.1593132019043,43.1684875488281,17.505880162381,13.6,44.8,2.894736842105264,2.0500000000000003,0.0,0.0,3.8095238095238075
119,13.65000013,44.85,13.75000013,44.75,17,40.7447438235912,2.35829826832479,33.6238899230957,47.9445571899414,26.8942529417143,13.7,44.8,3.7368421052631584,4.799999999999998,0.0,0.0,5.76190476190476
120,13.75000013,44.85,13.85000013,44.75,17,36.9501308493523,8.03901417981153,0.0,47.8175430297852,44.5270390180952,13.8,44.8,5.789473684210523,4.1,0.0,0.0,5.857142857142855
121,14.05000013,44.85,14.15000013,44.75,17,49.0192531421781,0.855873909762856,46.1690635681152,51.0,188.889531868571,14.1,44.8,68.15789473684215,47.89999999999998,282.75,176.52380952380952,72.52380952380959
122,14.15000013,44.85,14.25000013,44.75,17,49.5781240115563,0.844799472037294,47.2446899414062,51.2537498474121,239.572919082857,14.2,44.8,86.94736842105266,58.79999999999998,283.20000000000005,218.71428571428572,93.14285714285721
123,14.25000013,44.85,14.35000013,44.75,17,39.7895125624426,15.4329219162291,0.0,51.9018745422363,289.30513341,14.3,44.8,241.42105263157904,138.5500000000001,132.35,237.80952380952382,218.80952380952374
124,14.45000013,44.85,14.55000013,44.75,17,68.9104807994639,35.8833908137212,0.0,101.738441467285,697.395761504762,14.5,44.8,632.2631578947369,246.35,303.8999999999999,714.8095238095239,621.6666666666667
125,14.55000013,44.85,14.65000013,44.75,17,83.2114237784925,12.3768724312082,18.1900005340576,105.716049194336,604.765316790476,14.6,44.8,500.8421052631578,211.65000000000003,343.55,578.9523809523808,475.90476190476187
126,14.75000013,44.85,14.85000013,44.75,17,26.0285248375246,28.1050196598962,0.0,96.9751281738281,338.639764671429,14.8,44.8,375.10526315789474,0.55,0.95,359.9523809523809,359.04761904761904
127,12.35000013,44.75,12.45000013,44.65,17,17.9088921273748,2.95714386602287,10.1000003814697,22.75,1.21660626190476,12.4,44.7,0.0,0.0,0.0,0.0,0.14285714285714285
128,12.45000013,44.75,12.55000013,44.65,17,25.3795518475688,1.64837700493053,20.3999996185303,28.4500007629395,5.41474324252381,12.5,44.7,1.2105263157894737,1.85,0.0,0.0,1.8095238095238102
129,12.55000013,44.75,12.65000013,44.65,17,29.5689870323986,1.05931159668551,26.75,31.8120002746582,14.7369891710952,12.6,44.7,6.578947368421052,5.399999999999998,0.0,0.0,6.714285714285712
130,12.65000013,44.75,12.75000013,44.65,17,32.7736614033994,0.883282156024295,30.9500007629395,34.5499992370605,30.06258748,12.7,44.7,10.94736842105263,10.450000000000006,0.0,0.0,11.571428571428566
131,12.75000013,44.75,12.85000013,44.65,17,34.6244929089314,0.637980279492244,33.6500015258789,37.1699981689453,45.1872160380952,12.8,44.7,12.89473684210526,14.05,0.0,0.0,18.095238095238088
132,12.85000013,44.75,12.95000013,44.65,17,37.844729816748,1.35384346306029,35.0,41.4049987792969,50.5335329166667,12.9,44.7,17.15789473684212,14.250000000000002,0.0,0.0,18.428571428571423
133,12.95000013,44.75,13.05000013,44.65,17,39.7492879438731,0.568526816725237,37.75,41.0,40.6013213180952,13.0,44.7,19.052631578947377,17.40000000000001,0.0,0.0,19.142857142857135
134,13.05000013,44.75,13.15000013,44.65,17,40.2045681331721,0.666686446542919,39.0,41.2999992370605,26.3215948580952,13.1,44.7,13.526315789473676,14.000000000000004,0.0,0.0,13.285714285714281
135,13.15000013,44.75,13.25000013,44.65,17,41.4982925182356,1.14271953114001,39.0,44.0,18.5032350829048,13.2,44.7,13.52631578947368,11.950000000000008,0.0,0.0,15.238095238095234
136,13.25000013,44.75,13.35000013,44.65,17,42.2447130435871,1.31609407528785,38.2134437561035,44.1077995300293,14.5511633426667,13.3,44.7,13.473684210526311,13.250000000000002,0.0,0.0,15.04761904761904
137,13.35000013,44.75,13.45000013,44.65,17,40.8965869806707,2.18624774267211,35.8519096374512,45.9677581787109,12.4289572950952,13.4,44.7,15.315789473684209,13.950000000000005,0.0,0.0,14.999999999999996
138,13.45000013,44.75,13.55000013,44.65,17,41.5716548334393,1.49077395301637,36.7937126159668,45.0694465637207,13.9376315379524,13.5,44.7,12.578947368421048,11.100000000000009,0.0,0.0,13.523809523809518
139,13.55000013,44.75,13.65000013,44.65,17,42.0475501562986,1.27133663810487,38.8281059265137,46.009838104248,19.522100121381,13.6,44.7,9.052631578947366,9.7,0.0,0.0,11.523809523809518
140,13.65000013,44.75,13.75000013,44.65,17,42.6508247219026,3.0228647994641,37.834400177002,48.1309814453125,28.5893748585714,13.7,44.7,8.999999999999996,9.950000000000005,0.0,0.0,9.809523809523807
141,13.75000013,44.75,13.85000013,44.65,17,44.0931602774395,1.97140586882315,39.8237037658691,49.1217498779297,45.2362331585714,13.8,44.7,8.157894736842104,11.300000000000006,0.0,0.0,9.09523809523809
142,13.85000013,44.75,13.95000013,44.65,17,46.7667589916123,3.66121193096194,12.5719995498657,71.0643768310547,77.079713007619,13.9,44.7,16.052631578947363,11.200000000000006,0.0,12.333333333333332,19.428571428571416
143,13.95000013,44.75,14.05000013,44.65,17,47.4579707019859,1.54107258038659,41.1350021362305,53.386402130127,89.2931315580952,14.0,44.7,18.6842105263158,19.750000000000007,0.0,24.80952380952381,26.476190476190467
144,14.05000013,44.75,14.15000013,44.65,17,48.05297001741,1.21781980156402,45.71484375,52.2597923278809,111.717755667619,14.1,44.7,59.315789473684255,55.34999999999997,0.0,80.28571428571428,62.14285714285721
145,14.15000013,44.75,14.25000013,44.65,17,45.8964405952073,9.35843697930324,0.0,55.2569808959961,169.063493597619,14.2,44.7,86.8947368421053,48.89999999999999,262.74999999999994,163.9047619047619,80.28571428571438
146,14.25000013,44.75,14.35000013,44.65,17,34.2919599534944,18.4551686517016,0.0,59.3927459716797,154.907707170476,14.3,44.7,202.421052631579,139.80000000000015,76.3,147.95238095238093,176.71428571428558
147,14.45000013,44.75,14.55000013,44.65,17,33.7257073819637,34.9873449374925,0.0,92.0,178.554529967619,14.5,44.7,423.7894736842105,280.0,98.9,176.33333333333331,388.04761904761904
148,14.55000013,44.75,14.65000013,44.65,17,64.6944836962114,19.5370207120077,0.0,96.7019805908203,435.570428733333,14.6,44.7,442.3157894736841,243.3,204.15,459.38095238095246,441.7142857142857
149,14.65000013,44.75,14.75000013,44.65,17,52.2185274667572,24.6410187074734,0.0,100.992835998535,164.587519947619,14.7,44.7,307.68421052631567,165.39999999999998,55.2,151.14285714285714,293.14285714285717
150,12.35000013,44.65,12.45000013,44.55,17,16.7331271412679,2.65337887213089,12.1000003814697,22.6499996185303,1.47132216371429,12.4,44.6,0.1052631578947368,0.2,0.0,0.0,0.2857142857142857
151,12.45000013,44.65,12.55000013,44.55,17,25.1500976321598,1.97339138551077,20.8500003814697,28.3500003814697,9.83869688671429,12.5,44.6,2.894736842105264,2.249999999999999,0.0,0.0,3.9523809523809508
152,12.55000013,44.65,12.65000013,44.55,17,30.1290194508102,0.95074656817948,28.1000003814697,32.0999984741211,27.1580041414286,12.6,44.6,12.473684210526311,9.650000000000002,0.0,0.0,10.380952380952376
153,12.65000013,44.65,12.75000013,44.55,17,33.2826351920764,1.0654458739444,31.3500003814697,35.9000015258789,46.2896611780952,12.7,44.6,19.47368421052632,17.800000000000008,0.0,0.0,18.714285714285708
154,12.75000013,44.65,12.85000013,44.55,17,36.609951093379,1.0302215949771,34.5999984741211,40.6809997558594,57.9110194119048,12.8,44.6,28.73684210526318,25.550000000000008,0.0,0.0,27.095238095238088
155,12.85000013,44.65,12.95000013,44.55,17,40.2681596697205,1.02345571529988,35.8810005187988,42.6030006408691,52.50817215,12.9,44.6,38.6842105263158,33.94999999999997,0.0,0.0,37.66666666666669
156,12.95000013,44.65,13.05000013,44.55,17,40.471364998983,0.434030583368757,39.4000015258789,41.0,32.6286642052381,13.0,44.6,36.42105263157896,35.19999999999999,0.0,0.0,36.47619047619052
157,13.05000013,44.65,13.15000013,44.55,17,40.4561686284012,0.83686278388631,38.0,41.5499992370605,18.3583291788571,13.1,44.6,28.00000000000001,33.04999999999998,0.0,0.0,31.809523809523803
158,13.15000013,44.65,13.25000013,44.55,17,43.0898088421609,2.50544657055333,39.0,47.0,12.1394703074762,13.2,44.6,28.52631578947369,31.950000000000017,0.0,0.0,27.28571428571427
159,13.25000013,44.65,13.35000013,44.55,17,44.8954299493796,0.918972047789223,42.8546981811523,47.2319602966309,11.8859601325714,13.3,44.6,27.68421052631579,28.15000000000001,0.0,0.0,25.904761904761894
160,13.35000013,44.65,13.45000013,44.55,17,45.314372131394,1.19806704403096,40.9843215942383,48.1915130615234,13.9231048021905,13.4,44.6,26.631578947368432,27.800000000000008,0.0,0.0,19.904761904761898
161,13.45000013,44.65,13.55000013,44.55,17,42.6912740137842,1.4273101996844,38.8546981811523,46.9219093322754,17.3562389376667,13.5,44.6,26.526315789473696,27.10000000000001,0.0,0.0,19.190476190476183
162,13.55000013,44.65,13.65000013,44.55,17,45.7350093664394,2.69505817442613,40.6536407470703,55.3586616516113,29.3299095590476,13.6,44.6,23.842105263157897,22.40000000000001,0.0,0.0,17.285714285714278
163,13.65000013,44.65,13.75000013,44.55,17,45.1882015073465,1.12327693559747,41.8922004699707,50.2468948364258,36.0764415047619,13.7,44.6,20.52631578947369,20.2,0.0,0.0,17.476190476190467
164,13.75000013,44.65,13.85000013,44.55,17,45.6950920654668,1.4445908331768,40.8696365356445,49.0707206726074,47.2977433438095,13.8,44.6,16.94736842105263,17.750000000000007,0.0,0.0,15.904761904761898
165,13.85000013,44.65,13.95000013,44.55,17,45.962436252998,1.9559253466971,40.8690185546875,49.1077995300293,58.3923914257143,13.9,44.6,17.05263157894738,15.550000000000008,0.0,0.0,15.047619047619037
166,13.95000013,44.65,14.05000013,44.55,17,48.6871576859719,1.49748236174465,44.9277496337891,53.0715751647949,73.8041506290476,14.0,44.6,18.78947368421054,18.650000000000013,0.0,0.0,18.47619047619046
167,14.05000013,44.65,14.15000013,44.55,17,47.3155040798916,1.62952991671324,44.1713256835938,52.5404090881348,70.4371189128571,14.1,44.6,26.10526315789476,33.54999999999999,0.0,0.0,30.999999999999986
168,14.15000013,44.65,14.25000013,44.55,17,41.5727197891166,11.5269133375371,0.0,54.4031028747559,121.24341842619,14.2,44.6,97.36842105263165,72.94999999999997,0.0,108.66666666666667,84.85714285714296
169,14.25000013,44.65,14.35000013,44.55,17,29.6309731325859,15.7688526754752,0.0,52.844181060791,58.6558356314286,14.3,44.6,29.000000000000018,41.549999999999976,0.0,0.0,26.380952380952372
170,14.55000013,44.65,14.65000013,44.55,17,55.5230010728507,22.2437360332269,0.0,82.5827865600586,360.294736971429,14.6,44.6,367.6315789473684,175.65000000000003,145.0,355.0952380952381,345.8571428571429
171,14.65000013,44.65,14.75000013,44.55,17,77.8150546078881,4.30741583606625,41.3954200744629,91.8631439208984,372.764546142857,14.7,44.6,275.5789473684211,139.74999999999994,205.5,390.7619047619047,261.5238095238094
172,14.75000013,44.65,14.85000013,44.55,17,47.8767997252548,31.8686559659645,0.0,106.785011291504,229.251825017143,14.8,44.6,203.1052631578948,56.4,87.35000000000001,187.76190476190476,203.1428571428571
173,12.35000013,44.55,12.45000013,44.45,17,15.3576226042998,2.19223795071146,10.3500003814697,20.9500007629395,1.08269911428571,12.4,44.5,0.0526315789473684,0.2,0.0,0.0,0.14285714285714285
174,12.45000013,44.55,12.55000013,44.45,17,23.7228515305453,2.6159482934759,18.0,28.2000007629395,11.5496392578571,12.5,44.5,3.631578947368421,2.7,0.0,0.0,5.523809523809524
175,12.55000013,44.55,12.65000013,44.45,17,29.7509385552257,1.38708777196018,26.1499996185303,32.2000007629395,38.8873985528571,12.6,44.5,14.052631578947365,11.150000000000004,0.0,0.0,14.714285714285706
176,12.65000013,44.55,12.75000013,44.45,17,33.6859754673723,1.24774991091716,31.0,36.8499984741211,62.107074617619,12.7,44.5,36.26315789473686,28.200000000000017,0.0,0.0,32.19047619047619
177,12.75000013,44.55,12.85000013,44.45,17,38.6919758170843,1.37038141141084,35.8499984741211,41.0,72.8865514271428,12.8,44.5,43.6842105263158,38.74999999999999,0.0,0.0,38.66666666666672
178,12.85000013,44.55,12.95000013,44.45,17,40.9983458490007,0.133343508097067,39.8499984741211,42.4650001525879,58.3546571038095,12.9,44.5,45.21052631578949,43.799999999999976,0.0,0.0,41.714285714285744
179,12.95000013,44.55,13.05000013,44.45,17,40.6314283675618,0.644499258281813,38.6669998168945,41.75,33.4408456457143,13.0,44.5,38.26315789473685,40.84999999999998,0.0,0.0,39.38095238095242
180,13.05000013,44.55,13.15000013,44.45,17,41.4228732441035,1.10219575041997,39.0,46.25,17.133505291619,13.1,44.5,37.94736842105266,35.24999999999999,0.0,0.0,33.238095238095276
181,13.15000013,44.55,13.25000013,44.45,17,45.9880745046327,1.68788187661429,41.0,48.5,11.9425466472857,13.2,44.5,36.684210526315816,35.39999999999998,0.0,0.0,29.571428571428562
182,13.25000013,44.55,13.35000013,44.45,17,46.7958642024961,1.71526317679116,40.7963066101074,50.3828125,12.2615234023333,13.3,44.5,39.00000000000003,34.74999999999998,0.0,0.0,27.476190476190457
183,13.35000013,44.55,13.45000013,44.45,17,46.9145645925568,1.25745135879737,44.0219078063965,53.9463272094727,14.5231978867143,13.4,44.5,34.526315789473706,30.450000000000006,0.0,0.0,20.999999999999986
184,13.45000013,44.55,13.55000013,44.45,17,47.7224493117796,2.64953544988775,40.9756660461426,55.5113334655762,21.5050648277143,13.5,44.5,28.94736842105265,33.749999999999964,0.0,0.0,17.904761904761898
185,13.55000013,44.55,13.65000013,44.45,17,44.5835640165541,4.66882898195552,36.8349227905273,54.9894561767578,22.4069228447619,13.6,44.5,18.26315789473685,23.85000000000001,0.0,0.0,13.619047619047615
186,13.65000013,44.55,13.75000013,44.45,17,45.9809065659841,5.1428514150001,36.6561584472656,60.4491348266602,44.6407365366667,13.7,44.5,15.1578947368421,17.40000000000001,0.0,0.0,14.095238095238086
187,13.75000013,44.55,13.85000013,44.45,17,44.4502124190331,3.75860259876098,36.9415397644043,55.0737915039062,45.4735596619048,13.8,44.5,16.63157894736843,19.150000000000013,0.0,0.0,15.333333333333323
188,13.85000013,44.55,13.95000013,44.45,17,44.9358454077608,3.28217136954803,40.8315124511719,52.9748268127441,48.1714441538095,13.9,44.5,16.736842105263158,17.75000000000001,0.0,0.0,14.619047619047606
189,13.95000013,44.55,14.05000013,44.45,17,47.4776136113538,3.66935332669903,41.8281059265137,55.9450836181641,47.505016752381,14.0,44.5,18.47368421052632,15.600000000000009,0.0,0.0,18.142857142857128
190,14.05000013,44.55,14.15000013,44.45,17,47.4447195438875,3.41946872431308,41.7968978881836,55.9602699279785,50.8015983138095,14.1,44.5,21.94736842105266,22.30000000000001,0.0,0.0,28.190476190476165
191,14.15000013,44.55,14.25000013,44.45,17,49.3882275532103,6.69839402472661,18.3791236877441,58.1690788269043,92.3876701,14.2,44.5,26.684210526315816,23.35000000000001,0.0,27.904761904761905,30.285714285714267
192,14.35000013,44.55,14.45000013,44.45,17,45.5477140361133,11.591972090122,0.0,57.1944847106934,142.622404627143,14.4,44.5,31.57894736842107,8.850000000000005,60.19999999999999,120.09523809523809,34.5238095238096
193,14.55000013,44.55,14.65000013,44.45,17,35.1951477477948,17.7212932783591,0.0,82.5658874511719,240.428507915238,14.6,44.5,282.7894736842104,125.90000000000002,97.60000000000002,205.19047619047623,271.28571428571416
194,14.65000013,44.55,14.75000013,44.45,17,69.6586478057628,19.3835407894874,11.9490003585815,94.6730880737305,334.296385819048,14.7,44.5,358.2631578947368,194.35,147.4,300.0952380952381,343.19047619047615
195,14.75000013,44.55,14.85000013,44.45,17,78.1967115138864,14.1638631539164,0.0,108.517356872559,320.751683747619,14.8,44.5,361.21052631578937,152.05000000000004,98.45,295.85714285714283,365.0476190476189
196,12.45000013,44.45,12.55000013,44.35,17,19.8306260641871,2.96595817653831,13.75,26.0499992370605,7.10134392871428,12.5,44.4,3.2105263157894743,2.75,0.0,0.0,3.9999999999999996
197,12.55000013,44.45,12.65000013,44.35,17,26.9397026718491,1.9285817091911,20.7999992370605,31.0,35.1842167666667,12.6,44.4,13.736842105263149,11.750000000000009,0.0,0.0,13.380952380952374
198,12.65000013,44.45,12.75000013,44.35,17,33.1712401966668,2.02785425016681,28.2000007629395,36.9000015258789,72.3818545161905,12.7,44.4,45.05263157894738,34.29999999999999,0.0,0.0,39.52380952380957
199,12.75000013,44.45,12.85000013,44.35,17,39.1572536821995,1.36854694184116,35.0499992370605,41.0,90.9625770952381,12.8,44.4,96.36842105263158,74.30000000000001,0.0,29.666666666666664,88.47619047619052
200,12.85000013,44.45,12.95000013,44.35,17,41.1111065261066,0.555865950507028,39.4070014953613,43.2330017089844,73.5691117604762,12.9,44.4,56.894736842105296,52.99999999999999,0.0,0.0,52.90476190476196
201,12.95000013,44.45,13.05000013,44.35,17,42.6240937684973,1.69837309465621,39.0,47.0499992370605,44.6345015457143,13.0,44.4,66.421052631579,59.89999999999998,0.0,0.0,61.33333333333343
202,13.05000013,44.45,13.15000013,44.35,17,46.4931206252012,2.03147042630677,41.5499992370605,50.1500015258789,28.9761672738095,13.1,44.4,62.78947368421056,52.44999999999999,0.0,0.0,51.190476190476254
203,13.15000013,44.45,13.25000013,44.35,17,49.2783075255627,1.03596530529141,46.2999992370605,51.25,19.8002228041905,13.2,44.4,54.263157894736885,43.39999999999998,0.0,0.0,42.571428571428626
204,13.25000013,44.45,13.35000013,44.35,17,51.4659715870188,1.46427190484946,48.0070533752441,56.1500015258789,18.3520869803333,13.3,44.4,40.68421052631582,35.19999999999998,0.0,0.0,27.761904761904756
205,13.35000013,44.45,13.45000013,44.35,17,54.0589258331392,2.83642108430215,47.2589454650879,58.7000007629395,21.8098462163333,13.4,44.4,36.15789473684214,34.2,0.0,0.0,23.14285714285713
206,13.45000013,44.45,13.55000013,44.35,17,55.0021737987797,2.23039915686678,49.8893165588379,59.0999984741211,27.2097023914286,13.5,44.4,27.3684210526316,28.85000000000001,0.0,0.0,19.952380952380942
207,13.55000013,44.45,13.65000013,44.35,17,56.3293587586118,1.92837766626584,51.6766815185547,60.9040870666504,37.906408637619,13.6,44.4,27.842105263157915,25.35000000000001,0.0,0.0,17.09523809523809
208,13.65000013,44.45,13.75000013,44.35,17,54.9286128754417,2.71104118612711,46.8144035339355,60.1150588989258,50.6861096033333,13.7,44.4,23.78947368421053,22.90000000000001,0.0,0.0,17.66666666666665
209,13.75000013,44.45,13.85000013,44.35,17,57.4495411328971,2.93597050530459,50.8021469116211,66.1870956420898,77.6891891295238,13.8,44.4,37.05263157894738,24.950000000000017,0.0,15.666666666666664,27.66666666666664
210,13.85000013,44.45,13.95000013,44.35,17,55.1584030617442,3.29245377878736,50.0322418212891,65.1039352416992,76.3324598595238,13.9,44.4,25.68421052631579,19.65000000000001,0.0,4.666666666666667,20.571428571428555
211,13.95000013,44.45,14.05000013,44.35,17,55.4081489824586,2.18767848713962,51.2174072265625,59.8690376281738,76.0825407085714,14.0,44.4,26.5263157894737,20.050000000000008,0.0,1.380952380952381,19.142857142857125
212,14.05000013,44.45,14.15000013,44.35,17,57.7515223758916,2.06500952755692,53.0309410095215,62.1453018188477,87.12722853,14.1,44.4,38.84210526315793,29.050000000000008,0.0,25.047619047619047,38.47619047619053
213,14.15000013,44.45,14.25000013,44.35,17,57.5356988290118,2.44416653982502,52.8315124511719,62.1077995300293,105.46407463619,14.2,44.4,30.94736842105265,29.000000000000007,0.0,48.952380952380956,34.5714285714286
214,14.25000013,44.45,14.35000013,44.35,17,57.4813573761947,2.95432332571682,51.8690185546875,64.6227569580078,126.573454911429,14.3,44.4,56.21052631578952,22.85000000000002,0.0,144.61904761904762,70.42857142857153
215,14.35000013,44.45,14.45000013,44.35,17,55.6834346213275,2.47628163671861,51.2201042175293,63.1615104675293,148.162867599048,14.4,44.4,74.68421052631587,13.900000000000004,84.60000000000001,163.0952380952381,80.09523809523822
216,14.45000013,44.45,14.55000013,44.35,17,53.3243467795352,12.1593244721985,0.0,95.9518280029297,170.422513681429,14.5,44.4,143.89473684210537,36.79999999999997,140.6,175.38095238095244,147.71428571428552
217,14.55000013,44.45,14.65000013,44.35,17,41.6557499825334,24.1318423020293,0.0,113.039268493652,68.2821655466667,14.6,44.4,42.31578947368423,48.99999999999999,0.0,0.0,39.52380952380955
218,14.85000013,44.45,14.95000013,44.35,17,46.5395909894465,27.749298401609,0.0,103.591644287109,143.243188548571,14.9,44.4,187.8947368421053,101.39999999999998,36.6,143.85714285714286,187.23809523809524
219,14.95000013,44.45,15.05000013,44.35,17,34.2854018914384,25.9507910186434,0.0,80.0078125,59.1753439933333,15.0,44.4,55.57894736842106,65.15,0.0,0.0,69.61904761904762
220,12.45000013,44.35,12.55000013,44.25,17,14.7861979108097,2.28625933876496,9.85000038146973,20.6000003814697,2.09234676785714,12.5,44.3,0.2105263157894736,0.35,0.0,0.0,0.3333333333333333
221,12.55000013,44.35,12.65000013,44.25,17,21.377837429651,2.68552103149803,15.6499996185303,28.1000003814697,20.2229855934762,12.6,44.3,5.894736842105263,4.9499999999999975,0.0,0.0,5.523809523809521
222,12.65000013,44.35,12.75000013,44.25,17,28.7087944644607,3.06335473678372,21.3999996185303,35.0,64.4595248938095,12.7,44.3,31.947368421052644,27.15000000000001,0.0,0.0,32.571428571428584
223,12.75000013,44.35,12.85000013,44.25,17,37.6156358280116,2.76171512843789,29.7999992370605,41.75,104.346676234762,12.8,44.3,99.10526315789475,80.74999999999993,0.0,50.0,93.19047619047622
224,12.85000013,44.35,12.95000013,44.25,17,42.7597868624661,1.14171988656255,40.548999786377,45.75,105.290811175238,12.9,44.3,114.26315789473692,100.74999999999994,0.0,51.04761904761905,109.71428571428581
225,12.95000013,44.35,13.05000013,44.25,17,46.7197148522569,1.65892987293859,42.7840003967285,50.2000007629395,81.9794014847619,13.0,44.3,116.78947368421056,93.99999999999996,0.0,21.666666666666664,113.42857142857149
226,13.05000013,44.35,13.15000013,44.25,17,49.969075486064,0.997685927024489,47.0999984741211,51.7999992370605,55.5002533466667,13.1,44.3,85.68421052631581,64.3,0.0,0.0,68.47619047619057
227,13.15000013,44.35,13.25000013,44.25,17,51.6964937559108,1.06964812243637,50.1500015258789,55.1500015258789,37.2107045238095,13.2,44.3,57.368421052631625,44.74999999999997,0.0,0.0,43.28571428571437
228,13.25000013,44.35,13.35000013,44.25,17,55.4072428126302,2.04282198696165,51.3499984741211,61.1500015258789,31.6369971685714,13.3,44.3,51.63157894736845,43.85,0.0,0.0,38.047619047619094
229,13.35000013,44.35,13.45000013,44.25,17,59.4685438242224,1.44664084924924,56.25,62.4000015258789,31.7916799228571,13.4,44.3,47.31578947368424,42.04999999999998,0.0,0.0,30.619047619047606
230,13.45000013,44.35,13.55000013,44.25,17,61.5638105769952,1.65661567419179,56.8383331298828,65.5999984741211,36.8552020757143,13.5,44.3,44.7368421052632,37.34999999999996,0.0,0.0,31.80952380952379
231,13.55000013,44.35,13.65000013,44.25,17,61.9897153050535,2.62900140520283,58.8546981811523,66.3000030517578,45.6269129942857,13.6,44.3,46.57894736842111,36.74999999999997,0.0,0.0,28.90476190476188
232,13.65000013,44.35,13.75000013,44.25,17,60.8090733128289,1.93301717380933,57.7506484985352,66.4000015258789,62.4128969404762,13.7,44.3,41.736842105263165,31.550000000000004,0.0,0.0,29.66666666666664
233,13.75000013,44.35,13.85000013,44.25,17,59.8397653587162,2.23632742859101,51.977653503418,64.0585708618164,86.4781902685714,13.8,44.3,35.5789473684211,26.600000000000016,0.0,25.85714285714286,27.09523809523807
234,13.85000013,44.35,13.95000013,44.25,17,60.540232496957,3.47474474885194,54.0468940734863,72.0696182250977,94.7938515471429,13.9,44.3,56.10526315789477,23.900000000000013,0.0,36.095238095238095,46.23809523809535
235,13.95000013,44.35,14.05000013,44.25,17,59.2724747715725,1.93383769857395,54.7109794616699,64.9518737792969,115.735021179048,14.0,44.3,68.15789473684218,24.15000000000001,0.0,107.9047619047619,58.619047619047755
236,14.05000013,44.35,14.15000013,44.25,17,60.7629020135436,1.54434871106142,56.942497253418,64.9917144775391,126.523845756667,14.1,44.3,94.31578947368432,41.9,0.0,144.66666666666669,89.52380952380965
237,14.15000013,44.35,14.25000013,44.25,17,61.4852702849441,1.96439472057401,57.8553810119629,66.2452239990234,136.477871917619,14.2,44.3,58.15789473684219,45.99999999999999,5.05,153.0,44.761904761904844
238,14.25000013,44.35,14.35000013,44.25,17,63.0273812661568,2.0119053838069,59.8484992980957,66.8725814819336,158.915436847619,14.3,44.3,80.4736842105264,58.999999999999964,231.25,168.0952380952381,60.761904761904866
239,14.35000013,44.35,14.45000013,44.25,17,62.7524038664997,2.63024262850282,54.9752426147461,69.1516876220703,177.582514506667,14.4,44.3,80.47368421052639,63.14999999999996,321.45,183.66666666666666,65.85714285714296
240,14.45000013,44.35,14.55000013,44.25,17,59.6637555650539,4.49632795092509,48.8764572143555,66.1684875488281,182.958842000952,14.5,44.3,59.52631578947374,83.34999999999987,324.7,182.0,68.7619047619049
241,14.55000013,44.35,14.65000013,44.25,17,47.3056632617178,23.1879172202732,0.0,68.0779342651367,222.013185295238,14.6,44.3,126.68421052631584,158.1000000000002,260.0,206.0,172.85714285714275
242,14.65000013,44.35,14.75000013,44.25,17,27.272786791514,20.5555782130556,0.0,79.3647384643555,99.2613775547619,14.7,44.3,105.1052631578948,132.55000000000013,0.0,38.1904761904762,118.23809523809534
243,14.75000013,44.35,14.85000013,44.25,17,32.2378498016236,22.3042971849544,0.0,78.2262496948242,271.538944919048,14.8,44.3,359.6842105263157,135.65000000000003,59.2,262.0,329.7619047619048
244,14.85000013,44.35,14.95000013,44.25,17,53.8452920704666,12.3663108595293,25.3418807983398,82.4061431884766,166.439199055714,14.9,44.3,165.5263157894737,57.8,130.20000000000002,164.57142857142856,148.57142857142856
245,14.95000013,44.35,15.05000013,44.25,17,43.5415902386756,24.5532172650664,0.0,79.5268859863281,311.61057297619,15.0,44.3,253.15789473684208,65.15,129.09999999999997,323.85714285714283,252.28571428571428
246,12.55000013,44.25,12.65000013,44.15,17,15.2283962592483,2.0035976563836,10.25,21.25,2.64125014371429,12.6,44.2,0.1578947368421052,0.05,0.0,0.0,0.19047619047619047
247,12.65000013,44.25,12.75000013,44.15,17,20.5549370478839,3.42193786529644,14.1999998092651,29.6000003814697,28.504908518,12.7,44.2,8.631578947368418,6.849999999999998,0.0,0.0,9.952380952380947
248,12.75000013,44.25,12.85000013,44.15,17,29.6265624689145,4.66567450666556,19.0,40.4500007629395,87.1761380485714,12.8,44.2,75.47368421052632,60.04999999999996,0.0,26.80952380952381,75.95238095238106
249,12.85000013,44.25,12.95000013,44.15,17,40.2631401694897,3.93895073941796,28.3500003814697,45.8499984741211,142.490392774762,12.9,44.2,132.2105263157895,107.54999999999993,85.7,160.19047619047618,126.71428571428585
250,12.95000013,44.25,13.05000013,44.15,17,48.1572482420338,1.97574021558283,41.3499984741211,50.9500007629395,139.111948939524,13.0,44.2,185.36842105263173,147.95000000000013,54.55,157.1904761904762,182.19047619047615
251,13.05000013,44.25,13.15000013,44.15,17,51.8707898950411,0.737081785759285,50.25,53.75,103.304479768095,13.1,44.2,89.15789473684214,75.99999999999991,0.0,40.95238095238094,87.76190476190482
252,13.15000013,44.25,13.25000013,44.15,17,54.2700171679566,1.33938141344275,51.7999992370605,57.25,72.8048239790476,13.2,44.2,112.57894736842118,87.89999999999993,0.0,0.0,99.09523809523816
253,13.25000013,44.25,13.35000013,44.15,17,59.1329752347536,1.63241944117393,55.25,62.0499992370605,57.5746272504762,13.3,44.2,78.00000000000004,64.54999999999995,0.0,0.0,62.4285714285715
254,13.35000013,44.25,13.45000013,44.15,17,63.1611654534936,0.873856404675419,61.25,64.8000030517578,48.8968202985714,13.4,44.2,70.78947368421059,61.24999999999998,0.0,0.0,55.8571428571429
255,13.45000013,44.25,13.55000013,44.15,17,65.2029243496557,0.704594427440728,62.5,66.1999969482422,47.6760097952381,13.5,44.2,70.36842105263166,58.34999999999996,0.0,0.0,42.42857142857148
256,13.55000013,44.25,13.65000013,44.15,17,66.6060113956531,0.383429073516573,65.6500015258789,67.9000015258789,59.4395433990476,13.6,44.2,60.89473684210529,51.199999999999946,0.0,0.0,36.095238095238145
257,13.65000013,44.25,13.75000013,44.15,17,66.7642782599562,1.34169290666054,61.016918182373,68.5,83.0124989957143,13.7,44.2,52.842105263157926,45.19999999999998,0.0,23.809523809523807,34.000000000000014
258,13.75000013,44.25,13.85000013,44.15,17,63.1349017615947,4.50575167740805,49.8245391845703,68.5500030517578,104.88660874619,13.8,44.2,66.10526315789477,50.899999999999984,0.0,50.666666666666664,48.71428571428575
259,13.85000013,44.25,13.95000013,44.15,17,61.8878139621682,2.3613757796875,54.0364303588867,68.140625,122.975558902857,13.9,44.2,73.2631578947369,41.799999999999976,0.0,122.95238095238093,61.428571428571544
260,13.95000013,44.25,14.05000013,44.15,17,64.9858195591304,3.3304020852127,59.7997932434082,79.2449035644531,173.976739637619,14.0,44.2,198.21052631578976,60.39999999999999,98.05,184.0952380952381,184.47619047619028
261,14.05000013,44.25,14.15000013,44.15,17,65.9530101228091,2.74558094873269,59.8056983947754,78.9730682373047,184.064154957143,14.1,44.2,164.63157894736872,102.70000000000002,206.4,189.66666666666666,152.4761904761903
262,14.15000013,44.25,14.25000013,44.15,17,65.1246940944758,1.17515928084957,62.9764404296875,68.7753677368164,181.469424704762,14.2,44.2,184.6315789473686,237.30000000000013,293.85,187.33333333333331,192.42857142857133
263,14.25000013,44.25,14.35000013,44.15,17,64.298455659714,1.28814356540417,61.801513671875,69.3103790283203,183.778304124286,14.3,44.2,170.21052631578976,135.75000000000009,253.65,188.3809523809524,160.23809523809504
264,14.35000013,44.25,14.45000013,44.15,17,64.3979865337412,1.3488177576837,61.7453498840332,69.0782623291016,185.711700344286,14.4,44.2,180.36842105263185,173.60000000000028,258.9,188.85714285714286,160.0476190476188
265,14.45000013,44.25,14.55000013,44.15,17,65.0860358447664,1.05219115244864,62.8546981811523,69.1305389404297,204.911866947143,14.5,44.2,122.21052631578952,153.3500000000002,326.1,200.80952380952382,111.52380952380966
266,14.55000013,44.25,14.65000013,44.15,17,63.8798590385252,1.48190185230111,59.8315124511719,67.029899597168,198.039809172857,14.6,44.2,103.7894736842106,177.1500000000002,328.7,194.47619047619045,120.71428571428586
267,14.65000013,44.25,14.75000013,44.15,17,60.8766615267636,8.41249712036946,0.0,75.8679428100586,202.445847587143,14.7,44.2,150.42105263157902,260.15000000000026,259.15000000000003,189.33333333333334,231.57142857142833
268,14.75000013,44.25,14.85000013,44.15,17,40.8110731197521,24.6973209470607,0.0,93.9850006103516,212.807857342381,14.8,44.2,262.84210526315775,177.04999999999998,62.7,205.2857142857143,300.8095238095237
269,14.95000013,44.25,15.05000013,44.15,17,35.902653607902,19.8563084701959,0.0,93.9850006103516,98.3445776361905,15.0,44.2,58.0,23.3,0.0,36.23809523809524,50.42857142857143
270,15.05000013,44.25,15.15000013,44.15,17,35.2939698676346,15.9563237452925,0.0,54.3431243896484,257.278987119524,15.1,44.2,215.05263157894737,3.65,52.05,240.8095238095238,199.0952380952381
271,12.75000013,44.15,12.85000013,44.05,17,18.0714138247487,3.15662196505329,12.5500001907349,28.1000003814697,24.7321150665238,12.8,44.1,2.5263157894736845,2.7,0.0,0.0,3.4761904761904754
272,12.85000013,44.15,12.95000013,44.05,17,26.3106336539818,5.53199841089654,15.8500003814697,41.0499992370605,97.029609817619,12.9,44.1,52.5789473684211,35.699999999999974,0.0,38.09523809523809,49.66666666666672
273,12.95000013,44.15,13.05000013,44.05,17,38.4282389061732,6.43542903592186,22.5499992370605,50.4500007629395,146.478541524762,13.0,44.1,174.4736842105264,127.49999999999996,100.7,164.47619047619048,168.5714285714285
274,13.05000013,44.15,13.15000013,44.05,17,49.1569769825372,3.64840966505982,35.4000015258789,54.1500015258789,160.6202896,13.1,44.1,166.94736842105277,134.45000000000007,239.1,171.38095238095238,166.1904761904761
275,13.15000013,44.15,13.25000013,44.05,17,54.666709590204,1.52184497459489,49.4000015258789,57.25,129.302883490952,13.2,44.1,184.2105263157896,159.30000000000015,0.0,148.57142857142858,183.14285714285694
276,13.25000013,44.15,13.35000013,44.05,17,58.9908148600823,1.44519283956202,54.9500007629395,62.0499992370605,95.5795336009524,13.3,44.1,184.0526315789475,161.1,0.0,38.095238095238095,170.95238095238082
277,13.35000013,44.15,13.45000013,44.05,17,63.560611995144,1.09294875791224,60.1500015258789,65.9000015258789,76.5326587047619,13.4,44.1,210.94736842105283,177.65000000000018,0.0,9.285714285714286,192.190476190476
278,13.45000013,44.15,13.55000013,44.05,17,65.5502822208736,0.616158287989405,64.6500015258789,67.0999984741211,66.6602966838095,13.5,44.1,108.63157894736848,101.24999999999996,0.0,0.0,90.00000000000014
279,13.55000013,44.15,13.65000013,44.05,17,67.9821453144153,1.41932327844523,65.0,70.75,77.6535615319048,13.6,44.1,197.78947368421075,238.0000000000002,0.0,15.238095238095239,145.33333333333331
280,13.65000013,44.15,13.75000013,44.05,17,69.8661947887805,0.894947829200947,67.9000015258789,71.1999969482422,104.545865231905,13.7,44.1,145.9473684210528,185.35000000000025,0.0,51.19047619047619,107.00000000000009
281,13.75000013,44.15,13.85000013,44.05,17,69.9210179307395,0.753965866041448,68.1999969482422,71.1999969482422,138.85825467619,13.8,44.1,134.0526315789475,145.10000000000016,53.7,157.23809523809524,104.14285714285731
282,13.85000013,44.15,13.95000013,44.05,17,68.7806263963381,2.04084547637187,62.8377151489258,70.8499984741211,171.877417777143,13.9,44.1,140.4736842105265,146.9000000000001,356.2,183.0,110.42857142857159
283,13.95000013,44.15,14.05000013,44.05,17,66.7730517457757,2.91445337217074,59.8860626220703,71.3000030517578,186.239149653333,14.0,44.1,141.2631578947369,149.5500000000003,341.4000000000001,191.09523809523805,121.38095238095258
284,14.05000013,44.15,14.15000013,44.05,17,68.9216314752897,2.75155399423255,61.0851783752441,74.1598587036133,226.987284890476,14.1,44.1,145.105263157895,150.7,346.6,218.47619047619042,128.14285714285725
285,14.15000013,44.15,14.25000013,44.05,17,69.5018367713524,1.98978264940962,63.9134216308594,74.2788543701172,220.05834012381,14.2,44.1,163.57894736842132,211.25000000000017,344.29999999999995,211.85714285714283,173.85714285714295
286,14.25000013,44.15,14.35000013,44.05,17,68.5548122483823,1.71194626543393,64.8267974853516,74.3277130126953,223.621659780952,14.3,44.1,231.21052631578976,322.10000000000025,292.9,216.33333333333331,266.4761904761905
287,14.35000013,44.15,14.45000013,44.05,17,67.5011494929592,2.08145544277548,62.0042839050293,72.1111450195312,223.550205671429,14.4,44.1,198.52631578947384,325.85000000000053,317.05,210.04761904761904,260.4285714285712
288,14.45000013,44.15,14.55000013,44.05,17,67.7846687436104,1.92622461912926,64.8156433105469,73.2924270629883,208.710338433333,14.5,44.1,171.263157894737,250.1500000000001,300.5,200.14285714285714,210.28571428571408
289,14.55000013,44.15,14.65000013,44.05,17,69.0570979172157,2.84493971255198,63.9290504455566,76.0357131958008,218.78621277619,14.6,44.1,216.8947368421054,277.55000000000047,250.15,201.95238095238093,230.7619047619046
290,14.65000013,44.15,14.75000013,44.05,17,65.1810775142577,2.61851483241476,60.865608215332,73.9456176757812,198.256324712857,14.7,44.1,148.42105263157907,200.70000000000016,261.35,180.09523809523807,165.66666666666657
291,14.75000013,44.15,14.85000013,44.05,17,63.4917728984728,9.16769682873048,0.0,93.9850006103516,204.695222867143,14.8,44.1,215.05263157894737,281.05000000000035,191.55,179.28571428571428,257.47619047619014
292,12.85000013,44.05,12.95000013,43.95,17,14.4538465659134,2.3037359849227,5.84999990463257,22.2000007629395,8.2350102937619,12.9,44.0,0.2631578947368421,0.25,0.0,0.0,0.047619047619047616
293,12.95000013,44.05,13.05000013,43.95,17,19.5315158292651,4.70995308894446,13.1499996185303,34.9500007629395,32.6476097230476,13.0,44.0,9.210526315789467,7.599999999999997,0.0,0.0,10.476190476190471
294,13.05000013,44.05,13.15000013,43.95,17,30.5900444568445,8.16483566640935,16.8999996185303,49.0499992370605,116.274866565238,13.1,44.0,110.15789473684214,64.75,0.0,110.28571428571428,105.04761904761904
295,13.15000013,44.05,13.25000013,43.95,17,44.0032377247139,6.99223447128256,25.8500003814697,54.8499984741211,164.00513827,13.2,44.0,171.6842105263159,137.90000000000012,235.85,172.61904761904762,167.4761904761904
296,13.25000013,44.05,13.35000013,43.95,17,52.977962202496,3.47872072656697,41.7999992370605,60.0999984741211,144.948252028095,13.3,44.0,290.7368421052629,257.4000000000002,109.25,164.0,290.8571428571428
297,13.35000013,44.05,13.45000013,43.95,17,59.7408582841357,3.02799812500317,51.7999992370605,65.8499984741211,123.029485542857,13.4,44.0,364.8947368421048,365.8000000000003,0.0,123.8095238095238,338.52380952380935
298,13.45000013,44.05,13.55000013,43.95,17,65.7746582598322,1.41887307704123,59.75,67.8499984741211,111.623886081429,13.5,44.0,254.3684210526317,274.4500000000001,0.0,80.00000000000001,239.09523809523793
299,13.55000013,44.05,13.65000013,43.95,17,69.5395291977458,1.13065636139157,67.1500015258789,71.5500030517578,115.432423882857,13.6,44.0,524.6315789473682,723.3999999999994,0.0,107.14285714285714,453.23809523809524
300,13.65000013,44.05,13.75000013,43.95,17,71.5994954581062,0.356163256970892,70.8000030517578,72.9000015258789,132.333342408571,13.7,44.0,170.94736842105291,193.35000000000025,0.0,150.52380952380952,146.85714285714292
301,13.75000013,44.05,13.85000013,43.95,17,72.1980198638307,0.775430133820273,70.8499984741211,74.0,157.712938903333,13.8,44.0,159.42105263157916,162.75000000000014,228.65,169.8095238095238,129.28571428571436
302,13.85000013,44.05,13.95000013,43.95,17,72.3510092240241,1.00103550372104,70.5999984741211,74.0,187.077426699524,13.9,44.0,158.842105263158,146.05000000000024,355.5,192.9047619047619,138.5714285714285
303,13.95000013,44.05,14.05000013,43.95,17,71.7405003176795,0.991890428840959,70.4000015258789,73.6999969482422,211.700980933333,14.0,44.0,157.52631578947387,161.85000000000016,357.79999999999995,210.0,143.1428571428571
304,14.05000013,44.05,14.15000013,43.95,17,72.3228896086415,1.02609528019969,70.6500015258789,74.5500030517578,235.58381812381,14.1,44.0,153.47368421052647,170.25000000000014,358.65,225.61904761904762,149.76190476190456
305,14.15000013,44.05,14.25000013,43.95,17,73.139939861993,1.14274357828307,67.7983779907227,75.0,257.810204785714,14.2,44.0,176.21052631578965,210.70000000000007,359.25000000000006,260.6190476190476,186.5714285714284
306,14.25000013,44.05,14.35000013,43.95,17,71.0824830217494,1.580946808518,67.7748565673828,75.0,245.80425122381,14.3,44.0,179.105263157895,241.50000000000009,358.55,244.57142857142856,205.0952380952378
307,14.35000013,44.05,14.45000013,43.95,17,70.3503521697389,1.53391612528567,65.7078247070312,74.2232208251953,266.327945271429,14.4,44.0,217.1578947368424,322.40000000000015,336.3499999999999,267.14285714285717,271.42857142857116
308,14.45000013,44.05,14.55000013,43.95,17,70.8598657722275,1.52426053603642,67.7940139770508,75.2412872314453,255.673860790476,14.5,44.0,302.4736842105256,328.65000000000043,220.5,256.6666666666667,349.1428571428568
309,14.55000013,44.05,14.65000013,43.95,17,73.1407374930051,1.88841976853752,68.8690185546875,77.1328964233398,247.695420419048,14.6,44.0,278.9473684210516,281.3500000000005,199.95,248.95238095238096,324.1428571428566
310,14.65000013,44.05,14.75000013,43.95,17,67.5156387260391,2.18289690798303,62.9019165039062,73.9309844970703,195.783270173333,14.7,44.0,149.57894736842115,210.05000000000027,272.4,184.19047619047618,178.99999999999963
311,14.75000013,44.05,14.85000013,43.95,17,66.6860863599512,1.36465472167182,62.865608215332,69.1684875488281,203.488893735238,14.8,44.0,113.7894736842106,193.75000000000023,308.6,181.04761904761904,120.28571428571449
312,14.85000013,44.05,14.95000013,43.95,17,65.1247998086943,1.83726621669832,61.8315124511719,70.9978256225586,189.858344662857,14.9,44.0,181.0526315789475,262.7500000000006,261.3,176.09523809523807,182.2857142857141
313,14.95000013,44.05,15.05000013,43.95,17,46.4036602710193,26.2114199386493,0.0,78.9925537109375,77.2523673242857,15.0,44.0,224.05263157894737,420.4500000000004,0.0,12.285714285714285,262.61904761904714
314,13.05000013,43.95,13.15000013,43.85,17,16.5835503364603,2.74592196648556,10.0500001907349,25.6499996185303,22.5302856581905,13.1,43.9,1.052631578947368,0.9500000000000002,0.0,0.0,0.5714285714285714
315,13.15000013,43.95,13.25000013,43.85,17,23.9127845607468,5.5147181871743,15.1499996185303,41.2000007629395,123.321704771429,13.2,43.9,84.26315789473686,21.400000000000013,0.0,124.66666666666667,80.47619047619054
316,13.25000013,43.95,13.35000013,43.85,17,36.2760525070545,7.82195029563737,19.9500007629395,51.7000007629395,167.817177987143,13.3,43.9,149.05263157894746,99.39999999999996,275.3,182.85714285714286,148.28571428571414
317,13.35000013,43.95,13.45000013,43.85,17,48.8932725507766,5.59598175123669,31.8999996185303,59.5999984741211,181.019346800952,13.4,43.9,177.10526315789488,152.50000000000017,318.15,187.5238095238095,178.3333333333332
318,13.45000013,43.95,13.55000013,43.85,17,59.4077473837468,4.39574637889248,47.2000007629395,67.25,179.370733510952,13.5,43.9,412.6315789473681,420.1000000000001,301.74999999999994,187.0952380952381,436.8095238095234
319,13.55000013,43.95,13.65000013,43.85,17,67.8605198549728,2.72907836931605,58.5,71.8499984741211,183.121154116667,13.6,43.9,545.5789473684213,692.3499999999993,354.0,188.80952380952382,524.1904761904752
320,13.65000013,43.95,13.75000013,43.85,17,72.6314616617229,0.895606491197814,68.25,74.0,185.33563418381,13.7,43.9,206.6842105263159,231.25000000000009,358.25,191.0,209.33333333333337
321,13.75000013,43.95,13.85000013,43.85,17,73.8646702004804,0.247312236331759,72.8499984741211,74.25,190.592663390476,13.8,43.9,215.0000000000002,230.2500000000001,357.25,195.5714285714286,208.66666666666652
322,13.85000013,43.95,13.95000013,43.85,17,74.1972277346585,0.215398735206623,73.75,74.75,202.85582382381,13.9,43.9,222.8947368421056,218.70000000000013,353.25,205.42857142857144,217.8571428571429
323,13.95000013,43.95,14.05000013,43.85,17,74.3790799652537,0.507770723775728,73.25,75.4000015258789,219.962252338095,14.0,43.9,231.63157894736847,227.00000000000017,355.24999999999994,213.14285714285714,217.42857142857136
324,14.05000013,43.95,14.15000013,43.85,17,74.8693794632951,0.621315379788939,73.4000015258789,76.1500015258789,243.006612709524,14.1,43.9,286.57894736842064,298.8000000000001,354.3,243.52380952380955,282.04761904761875
325,14.15000013,43.95,14.25000013,43.85,17,75.7149468511343,0.836615501356899,73.1500015258789,77.0,276.869824619048,14.2,43.9,343.4736842105256,358.9000000000002,352.15,279.90476190476187,353.76190476190453
326,14.25000013,43.95,14.35000013,43.85,17,75.2346635775434,1.4099623931184,70.0594940185547,78.0,299.6854384,14.3,43.9,309.94736842105186,318.9000000000004,352.35,318.9047619047618,311.42857142857116
327,14.35000013,43.95,14.45000013,43.85,17,73.7189680172337,2.42201044352904,68.1015548706055,78.0,308.883385461905,14.4,43.9,281.63157894736787,309.9000000000003,348.55,344.7142857142857,309.7619047619044
328,14.45000013,43.95,14.55000013,43.85,17,71.9793961677286,1.22595443270372,68.0985717773438,76.0432968139648,282.816256209524,14.5,43.9,256.421052631579,284.55000000000064,311.0,287.38095238095235,288.0476190476186
329,14.55000013,43.95,14.65000013,43.85,17,65.4973382900159,8.11722560138621,37.9712562561035,79.1750717163086,155.05750867,14.6,43.9,236.7368421052634,327.3000000000007,204.65,160.0952380952381,276.80952380952317
330,14.65000013,43.95,14.75000013,43.85,17,71.0380486862527,2.72832663075715,65.0398254394531,85.9709243774414,216.360477804762,14.7,43.9,309.7368421052618,271.6000000000006,162.85,207.95238095238096,333.523809523809
331,14.75000013,43.95,14.85000013,43.85,17,70.5424428681533,2.49144818031981,65.9756622314453,85.0782241821289,208.846119103333,14.8,43.9,297.52631578947233,275.5500000000004,142.0,203.7142857142857,325.57142857142827
332,14.85000013,43.95,14.95000013,43.85,17,70.1124032454358,2.03229657270272,65.8587875366211,75.9677581787109,207.189793152857,14.9,43.9,207.1578947368424,294.75000000000057,274.1,198.66666666666669,255.95238095238062
333,14.95000013,43.95,15.05000013,43.85,17,75.2625634297729,4.13875270352137,68.1539611816406,85.97265625,253.634474241429,15.0,43.9,290.9473684210511,279.50000000000057,192.55,246.57142857142858,356.2380952380947
334,15.05000013,43.95,15.15000013,43.85,17,57.0835150697062,33.0820167414902,0.0,88.8623580932617,336.419732019048,15.1,43.9,363.0526315789462,332.95000000000056,213.15000000000003,347.42857142857144,452.3809523809517
335,13.25000013,43.85,13.35000013,43.75,17,18.7753363492795,3.45826373714524,12.3000001907349,31.1000003814697,98.3859352004762,13.3,43.8,30.052631578947377,9.300000000000004,0.0,38.047619047619044,28.90476190476189
336,13.35000013,43.85,13.45000013,43.75,17,27.7117241374734,7.22276170423925,16.3999996185303,46.9000015258789,176.001171392857,13.4,43.8,109.63157894736844,26.35,219.54999999999995,185.66666666666669,107.66666666666674
337,13.45000013,43.85,13.55000013,43.75,17,42.1287380359653,8.76800156718288,22.1499996185303,58.2000007629395,246.326591095238,13.5,43.8,202.78947368421063,135.3500000000002,281.15,247.6190476190476,201.6666666666665
338,13.55000013,43.85,13.65000013,43.75,17,55.937955737114,6.25456542927538,37.25,68.0999984741211,283.997991795238,13.6,43.8,246.8421052631581,196.50000000000017,301.0,292.90476190476187,262.8095238095237
339,13.65000013,43.85,13.75000013,43.75,17,66.1248101799025,4.16619480821558,53.5499992370605,72.75,277.716960009524,13.7,43.8,294.4736842105256,273.0500000000002,330.75,283.57142857142856,311.19047619047615
340,13.75000013,43.85,13.85000013,43.75,17,72.0003961506817,1.88065846182134,64.3000030517578,74.3000030517578,251.555581685714,13.8,43.8,223.42105263157924,217.55000000000027,352.9,254.33333333333331,238.4761904761904
341,13.85000013,43.85,13.95000013,43.75,17,74.5621475279331,0.430736730775518,72.5500030517578,75.3000030517578,238.526709652381,13.9,43.8,226.89473684210552,233.30000000000004,359.3999999999999,232.80952380952382,236.95238095238102
342,13.95000013,43.85,14.05000013,43.75,17,75.5265408754349,0.502927935953696,74.8000030517578,77.0,235.554683490476,14.0,43.8,502.421052631578,489.6500000000005,350.95000000000005,225.3809523809524,501.3333333333329
343,14.05000013,43.85,14.15000013,43.75,17,76.5734484203988,0.692641567304339,75.4499969482422,78.0,248.936656766667,14.1,43.8,363.2631578947363,341.95000000000044,352.55,251.3809523809524,355.0952380952376
344,14.15000013,43.85,14.25000013,43.75,17,77.4737440372507,0.587167095874201,76.0,81.0820007324219,290.21705917619,14.2,43.8,252.105263157895,246.10000000000025,358.85,300.95238095238096,255.95238095238096
345,14.25000013,43.85,14.35000013,43.75,17,77.7710236551033,0.41171661332151,76.2369995117188,79.5240020751953,337.077812271429,14.3,43.8,244.21052631578965,238.95000000000007,359.1,411.57142857142867,237.80952380952377
346,14.35000013,43.85,14.45000013,43.75,17,77.3264757891496,1.50810771817134,74.6999969482422,83.0,364.633374366667,14.4,43.8,275.8421052631573,246.20000000000024,338.45000000000005,456.047619047619,268.0476190476188
347,14.45000013,43.85,14.55000013,43.75,17,75.4918037719197,2.42726408377739,69.9765625,82.1999969482422,318.905755804762,14.5,43.8,498.8421052631568,402.3000000000004,288.65,384.1904761904762,490.71428571428567
348,14.55000013,43.85,14.65000013,43.75,17,77.0737632728285,3.65379694365818,69.802131652832,84.0,278.206105442857,14.6,43.8,252.8947368421056,259.1000000000004,334.25,277.2857142857143,259.23809523809507
349,14.65000013,43.85,14.75000013,43.75,17,77.3838385682967,3.04352614677736,69.1582107543945,85.9474334716797,248.902646638095,14.7,43.8,240.21052631579,242.70000000000024,305.1,241.76190476190476,246.8571428571428
350,14.75000013,43.85,14.85000013,43.75,17,80.2984968100985,3.51709431051106,71.0238723754883,86.134391784668,243.587284514286,14.8,43.8,293.26315789473585,308.0500000000002,308.90000000000003,229.85714285714283,309.38095238095224
351,14.85000013,43.85,14.95000013,43.75,17,80.0716922026541,3.31665056222157,73.1593170166016,87.3927307128906,246.9801671,14.9,43.8,290.8947368421042,304.7000000000003,310.0,234.85714285714286,320.33333333333314
352,14.95000013,43.85,15.05000013,43.75,17,85.0100201244156,4.65129606284457,76.2181091308594,97.183349609375,289.230004285714,15.0,43.8,346.36842105263014,294.0500000000004,252.3,286.0952380952381,349.47619047618997
353,15.05000013,43.85,15.15000013,43.75,17,91.6787043536703,3.81245210489077,84.0760803222656,101.795211791992,342.402291161905,15.1,43.8,396.6842105263143,360.5500000000004,301.95,408.14285714285717,435.14285714285666
354,15.15000013,43.85,15.25000013,43.75,17,88.1362022629732,25.8499318924504,0.0,155.82160949707,437.50275087619,15.2,43.8,841.8421052631577,622.9999999999987,159.45000000000002,471.90476190476187,1000.1428571428557
355,15.35000013,43.85,15.45000013,43.75,17,61.7922282435466,36.6184628912641,0.0,143.168746948242,732.176129738095,15.4,43.8,940.9473684210528,328.25000000000034,79.6,646.5238095238096,888.5714285714273
356,15.45000013,43.85,15.55000013,43.75,17,75.5871704749039,25.9680997268307,0.0,103.514686584473,878.411795814286,15.5,43.8,470.99999999999926,93.09999999999992,310.99999999999994,637.6666666666667,455.57142857142816
357,13.35000013,43.75,13.45000013,43.65,17,14.5618050967007,3.04581170823347,0.0,21.8500003814697,42.6688076414286,13.4,43.7,1.6315789473684208,0.95,0.0,0.0,2.095238095238095
358,13.45000013,43.75,13.55000013,43.65,17,20.4002036015607,4.115439788072,12.6999998092651,36.7000007629395,123.766601804762,13.5,43.7,94.84210526315792,15.800000000000011,0.0,129.14285714285717,94.3333333333334
359,13.55000013,43.75,13.65000013,43.65,17,30.5803602176408,8.94373490078585,18.2000007629395,53.3499984741211,300.463801495238,13.6,43.7,206.2105263157896,55.04999999999999,214.0,321.4761904761905,196.7619047619047
360,13.65000013,43.75,13.75000013,43.65,17,47.0386555966818,9.82273853586033,23.5499992370605,63.9500007629395,390.68737262381,13.7,43.7,230.8421052631581,113.34999999999992,295.6,481.66666666666674,218.42857142857127
361,13.75000013,43.75,13.85000013,43.65,17,61.5944607489639,6.28027811864208,42.4500007629395,72.4000015258789,362.630953504762,13.8,43.7,297.15789473684134,218.45000000000013,311.85,451.42857142857144,301.9523809523809
362,13.85000013,43.75,13.95000013,43.65,17,71.156255495631,3.2975164663004,59.2999992370605,75.3000030517578,316.889248085714,13.9,43.7,230.73684210526355,209.8,351.40000000000003,376.23809523809524,227.2857142857142
363,13.95000013,43.75,14.05000013,43.65,17,75.6830567146341,1.03882668219512,71.0999984741211,77.4499969482422,285.0756618,14.0,43.7,571.315789473684,519.4499999999997,359.15,294.3333333333333,566.2380952380945
364,14.05000013,43.75,14.15000013,43.65,17,78.0712457473079,0.656888324999573,76.9499969482422,79.8000030517578,281.894304590476,14.1,43.7,265.7368421052628,255.20000000000005,360.65,289.2857142857142,282.61904761904765
365,14.15000013,43.75,14.25000013,43.65,17,78.4186470111211,0.549599708944323,78.0,79.8499984741211,306.74112447619,14.2,43.7,295.6842105263153,282.1000000000005,361.55,337.95238095238096,303.66666666666634
366,14.25000013,43.75,14.35000013,43.65,17,79.9100873519977,1.32813153552968,78.0,86.8899993896484,351.931292080952,14.3,43.7,499.42105263157833,347.40000000000015,266.1,439.5238095238096,493.38095238095207
367,14.35000013,43.75,14.45000013,43.65,17,80.9019839829869,2.0414859059583,76.9499969482422,89.068000793457,379.942021704762,14.4,43.7,552.9473684210525,363.80000000000047,237.5,470.0952380952381,539.7619047619036
368,14.45000013,43.75,14.55000013,43.65,17,79.9592611425453,1.93895588215274,76.0,86.0,352.723390457143,14.5,43.7,452.947368421052,338.00000000000045,298.95000000000005,439.9047619047619,414.9999999999992
369,14.55000013,43.75,14.65000013,43.65,17,83.721272798876,1.96477195874148,78.75,88.0,312.024438790476,14.6,43.7,278.10526315789406,263.80000000000035,345.55,351.09523809523813,261.7142857142854
370,14.65000013,43.75,14.75000013,43.65,17,82.806521313058,1.2240477870946,78.9000015258789,86.1500015258789,280.569570090476,14.7,43.7,340.52631578947245,309.8000000000004,331.5,279.95238095238096,327.4285714285714
371,14.75000013,43.75,14.85000013,43.65,17,86.6957858933343,2.03981471333793,81.4000015258789,91.3000030517578,278.160126480952,14.8,43.7,350.99999999999864,317.80000000000024,331.05,276.38095238095235,349.8571428571427
372,14.85000013,43.75,14.95000013,43.65,17,89.2716589031948,2.15603680746718,79.9960403442383,94.9459533691406,293.803794042857,14.9,43.7,347.7368421052622,339.4000000000003,341.50000000000006,294.04761904761904,356.0476190476187
373,14.95000013,43.75,15.05000013,43.65,17,92.0964934221572,3.59977926026233,85.892204284668,100.807609558105,323.848859242857,15.0,43.7,560.8421052631574,466.7500000000003,284.55,387.6666666666667,554.6190476190459
374,15.05000013,43.75,15.15000013,43.65,17,101.138563453323,4.36408785891176,89.1835784912109,110.947250366211,389.611830880952,15.1,43.7,467.7894736842088,455.9000000000004,329.15,451.23809523809524,493.5714285714281
375,15.15000013,43.75,15.25000013,43.65,17,107.870823568768,1.77932509404833,102.038215637207,112.072250366211,496.0943321,15.2,43.7,455.421052631577,405.8000000000008,520.5,471.0952380952381,435.0476190476188
376,15.25000013,43.75,15.35000013,43.65,17,112.423884540796,2.77620458042452,107.78343963623,140.204376220703,675.167515657143,15.3,43.7,1107.7894736842084,618.2499999999983,254.85,720.4285714285713,1124.619047619044
377,15.35000013,43.75,15.45000013,43.65,17,98.7963621061968,42.3644842049986,0.0,163.505004882812,1179.78672849048,15.4,43.7,1488.2105263157862,1012.4499999999985,804.1,1211.904761904762,1508.4285714285677
378,15.45000013,43.75,15.55000013,43.65,17,67.0145209037906,39.5829429434339,0.0,168.652114868164,811.097508552381,15.5,43.7,1432.5789473684156,941.249999999998,352.35,802.3333333333335,1364.4761904761858
379,15.55000013,43.75,15.65000013,43.65,17,55.3699392093759,28.8377550208526,0.0,123.408126831055,1312.66371891429,15.6,43.7,1378.3157894736792,412.3000000000004,287.55,1215.3333333333333,1317.4285714285668
380,13.55000013,43.65,13.65000013,43.55,17,12.0428757103833,6.63087428194999,0.0,23.3999996185303,79.5937303385714,13.6,43.6,19.63157894736843,8.200000000000003,0.0,18.09523809523809,17.809523809523803
381,13.65000013,43.65,13.75000013,43.55,17,21.6906629594871,5.38870098720278,12.9499998092651,41.9500007629395,243.826060575714,13.7,43.6,185.3157894736843,34.049999999999976,156.1,243.6190476190476,177.4285714285713
382,13.75000013,43.65,13.85000013,43.55,17,38.2592827487323,9.76075402650776,19.3999996185303,59.0,356.672698457143,13.8,43.6,281.73684210526284,134.15000000000012,260.85,448.14285714285717,264.76190476190465
383,13.85000013,43.65,13.95000013,43.55,17,57.0860242860185,6.72318987768201,38.0499992370605,70.9499969482422,376.758372685714,13.9,43.6,369.9999999999992,252.8000000000002,294.04999999999995,466.6190476190476,353.28571428571405
384,13.95000013,43.65,14.05000013,43.55,17,70.3912110150688,3.96485124547659,57.9000015258789,76.8499984741211,358.8083076,14.0,43.6,379.1578947368412,327.0499999999997,344.8999999999999,449.38095238095235,368.09523809523813
385,14.05000013,43.65,14.15000013,43.55,17,78.6623265205158,2.14349742545412,71.75,82.0999984741211,341.48999327619,14.1,43.6,346.6315789473675,314.6500000000003,352.70000000000005,423.1428571428571,366.6190476190474
386,14.15000013,43.65,14.25000013,43.55,17,81.9754026614957,1.24042864258728,79.5,85.0800018310547,342.012940614286,14.2,43.6,924.7368421052622,760.2999999999993,326.44999999999993,425.2380952380953,920.8571428571418
387,14.25000013,43.65,14.35000013,43.55,17,84.3576588282983,2.11689422731279,79.8000030517578,89.5719985961914,361.0160599,14.3,43.6,598.2631578947368,463.4500000000002,299.95,451.19047619047615,587.3809523809513
388,14.35000013,43.65,14.45000013,43.55,17,84.5409479488929,1.57270674544227,81.5999984741211,90.318000793457,376.642186123809,14.4,43.6,405.26315789473614,320.55000000000035,340.85,466.14285714285717,377.5238095238094
389,14.45000013,43.65,14.55000013,43.55,17,83.140235150026,2.29680872495748,80.0,90.3499984741211,355.42924452381,14.5,43.6,674.2631578947371,463.0000000000004,271.95000000000005,444.2857142857143,634.42857142857
390,14.55000013,43.65,14.65000013,43.55,17,88.4346463084221,1.52558606570887,85.4000015258789,92.0,343.071287233333,14.6,43.6,444.6842105263147,344.0000000000003,309.35,425.57142857142856,433.9523809523802
391,14.65000013,43.65,14.75000013,43.55,17,89.7569770779875,2.00348778813071,83.8000030517578,93.0,327.111467671429,14.7,43.6,409.4736842105248,332.8500000000004,328.6,399.1428571428571,384.1428571428569
392,14.75000013,43.65,14.85000013,43.55,17,91.5390462767747,1.30886963496093,86.5500030517578,93.5500030517578,328.019925147619,14.8,43.6,345.7368421052621,297.80000000000035,349.54999999999995,399.38095238095235,316.1428571428568
393,14.85000013,43.65,14.95000013,43.55,17,93.3278988053401,1.85708775487164,89.3000030517578,102.637252807617,342.481917080952,14.9,43.6,465.894736842104,369.6500000000006,305.1,417.95238095238096,449.4761904761901
394,14.95000013,43.65,15.05000013,43.55,17,97.7279319539666,4.84528984179597,87.7818298339844,108.111206054688,387.607011638095,15.0,43.6,527.8421052631569,493.95000000000056,332.79999999999995,461.52380952380946,543.5714285714268
395,15.05000013,43.65,15.15000013,43.55,17,109.636566113267,3.21731045996088,100.077774047852,118.783065795898,518.434181547619,15.1,43.6,445.5789473684194,386.5500000000004,627.2,530.4285714285714,397.4285714285708
396,15.15000013,43.65,15.25000013,43.55,17,115.467638061278,2.65991231075647,110.892204284668,124.88582611084,687.087034685714,15.2,43.6,654.1052631578941,642.6499999999986,698.4499999999999,723.6190476190476,616.7142857142836
397,15.25000013,43.65,15.35000013,43.55,17,126.215997293591,10.0193738557602,112.039733886719,153.341247558594,1007.69998528095,15.3,43.6,1474.4736842105226,1080.7999999999963,652.2,1103.1904761904761,1347.9523809523746
398,15.35000013,43.65,15.45000013,43.55,17,164.255890702208,19.215462109571,122.217346191406,199.912506103516,2234.63406128571,15.4,43.6,2064.5789473684163,1174.7999999999977,1611.45,2403.333333333333,1959.8095238095198
399,15.45000013,43.65,15.55000013,43.55,17,189.121863307224,23.995706901175,62.84765625,214.900283813477,3022.22010504762,15.5,43.6,2202.894736842103,1852.3999999999976,2897.1500000000005,3208.8095238095234,2136.571428571439
400,15.55000013,43.65,15.65000013,43.55,17,145.957039476786,71.1309801654022,0.0,216.199203491211,3968.48720709524,15.6,43.6,3576.2105263157905,2601.15,3148.55,4092.7142857142853,3423.285714285729
401,15.65000013,43.65,15.75000013,43.55,17,106.104564020617,65.863429446835,0.0,195.999069213867,3045.34330214286,15.7,43.6,3299.526315789474,2168.150000000004,1988.1,3068.285714285714,3139.000000000018
402,15.75000013,43.65,15.85000013,43.55,17,98.908106637653,28.4850981737598,0.0,162.854034423828,1939.6851744619,15.8,43.6,1486.736842105258,656.0999999999984,994.1,1787.0476190476188,1423.1428571428526
403,13.75000013,43.55,13.85000013,43.45,17,20.883669682468,4.39737096221865,13.8500003814697,37.5,104.682606297143,13.8,43.5,108.47368421052634,69.89999999999996,0.0,51.095238095238095,96.28571428571436
404,13.85000013,43.55,13.95000013,43.45,17,40.4297851233019,8.51820951856174,21.6000003814697,57.5499992370605,377.042758257143,13.9,43.5,326.42105263157845,203.70000000000024,271.3,467.14285714285717,308.6666666666666
405,13.95000013,43.55,14.05000013,43.45,17,59.7359863258898,5.11336261207956,46.2000007629395,71.5500030517578,420.491394538095,14.0,43.5,459.1578947368412,340.6000000000001,287.99999999999994,519.0952380952381,434.3809523809522
406,14.05000013,43.55,14.15000013,43.45,17,72.4560764614079,4.03261308929494,62.0499992370605,81.1999969482422,394.672573671429,14.1,43.5,633.4210526315787,501.6000000000004,310.8,493.1428571428571,586.1428571428565
407,14.15000013,43.55,14.25000013,43.45,17,81.4937373275558,2.61043831244491,74.3499984741211,86.697998046875,380.789201261905,14.2,43.5,836.8421052631578,702.1999999999987,327.6,471.99999999999994,835.4761904761899
408,14.25000013,43.55,14.35000013,43.45,17,86.6035163303216,1.40688365785304,83.1500015258789,90.5,375.634307838095,14.3,43.5,548.7894736842101,480.1000000000005,353.8,466.80952380952385,559.4761904761895
409,14.35000013,43.55,14.45000013,43.45,17,88.1254900611109,1.57840570201205,84.072998046875,91.5999984741211,376.201664538095,14.4,43.5,520.7368421052628,432.90000000000015,340.2,466.3809523809524,520.2380952380943
410,14.45000013,43.55,14.55000013,43.45,17,88.4398480430245,2.08480058611088,83.6999969482422,92.0,376.078785795238,14.5,43.5,527.9999999999998,414.2500000000007,329.75,465.0952380952381,521.7619047619039
411,14.55000013,43.55,14.65000013,43.45,17,89.8186035652955,2.13157291541166,85.0,94.0,365.704184609524,14.6,43.5,379.9999999999992,297.25000000000057,352.7,457.1428571428571,372.33333333333303
412,14.65000013,43.55,14.75000013,43.45,17,92.5943089177211,1.29344044172946,90.0,97.6999969482422,374.626401142857,14.7,43.5,415.3157894736829,330.55000000000024,334.69999999999993,462.71428571428567,407.6666666666666
413,14.75000013,43.55,14.85000013,43.45,17,95.5475966996617,3.97691244690771,89.0,101.050003051758,395.387926442857,14.8,43.5,554.0526315789471,452.9000000000002,287.7,488.23809523809524,570.8095238095228
414,14.85000013,43.55,14.95000013,43.45,17,99.2745321897997,4.77573815502927,89.0,109.599998474121,425.426460347619,14.9,43.5,566.5263157894726,468.55000000000064,296.54999999999995,512.0952380952382,562.1904761904744
415,14.95000013,43.55,15.05000013,43.45,17,106.950523167021,4.05775855823183,96.7515487670898,115.900001525879,516.915154319048,15.0,43.5,670.1578947368422,592.6999999999999,565.1500000000001,546.7619047619047,671.0952380952368
416,15.05000013,43.55,15.15000013,43.45,17,114.794682022598,6.04044611638161,105.836288452148,128.745697021484,702.610328728571,15.1,43.5,658.2631578947365,463.95000000000016,580.4000000000001,734.4761904761904,576.9047619047607
417,15.15000013,43.55,15.25000013,43.45,17,133.668812173108,7.59775990916098,119.164512634277,171.040405273438,1001.62291226667,15.2,43.5,1363.789473684206,800.499999999998,573.3499999999999,1099.095238095238,1237.3333333333285
418,15.25000013,43.55,15.35000013,43.45,17,163.853584568534,25.942007801291,125.375282287598,223.878005981445,1832.5642179381,15.3,43.5,3506.894736842108,2596.6500000000046,977.9500000000002,1996.8571428571431,3459.0476190476325
419,15.35000013,43.55,15.45000013,43.45,17,200.9276124686,13.1817259845433,154.736328125,223.058578491211,2774.56736119048,15.4,43.5,2873.5263157894738,2150.250000000004,2283.9500000000003,2997.857142857143,2844.8571428571563
420,15.45000013,43.55,15.55000013,43.45,17,200.457631174061,3.2154196613056,193.866744995117,210.231872558594,3464.70827509524,15.5,43.5,2359.210526315785,1994.9999999999984,3517.4,3742.333333333333,2343.7142857143
421,15.55000013,43.55,15.65000013,43.45,17,189.312727472848,4.7437490452489,178.862823486328,201.759872436523,4118.04367895238,15.6,43.5,2470.473684210528,2093.9500000000003,4255.7,4453.999999999999,2518.095238095253
422,15.65000013,43.55,15.75000013,43.45,17,173.359430357814,12.4258409921233,135.090484619141,196.246063232422,3949.93144166667,15.7,43.5,2206.263157894739,1770.049999999998,3982.45,4275.333333333333,2267.714285714299
423,15.75000013,43.55,15.85000013,43.45,17,158.070944655273,11.1131708714797,60.01953125,192.379196166992,2649.39535180952,15.8,43.5,2161.789473684212,1700.6499999999987,2368.0000000000005,2727.238095238095,2250.7619047619182
424,15.85000013,43.55,15.95000013,43.45,17,101.680991937044,50.1810533434477,0.0,154.017318725586,1144.77656463333,15.9,43.5,1668.999999999995,1513.899999999996,804.6499999999999,1023.8095238095239,1756.0952380952324
425,16.35000013,43.55,16.45000013,43.45,17,32.8038741100269,20.0067794356563,0.0,57.9954986572266,165.354959592381,16.4,43.5,181.42105263157896,54.1,42.3,155.33333333333331,187.28571428571425
426,16.45000013,43.55,16.55000013,43.45,17,15.0187687363618,16.4609088885808,0.0,61.8600006103516,29.8538452465238,16.5,43.5,65.10526315789474,84.3,0.0,0.0,59.47619047619049
427,13.75000013,43.45,13.85000013,43.35,17,15.2219238220197,2.08800978531206,11.75,21.3999996185303,61.7271153957143,13.8,43.4,20.00000000000001,17.150000000000006,0.0,0.0,16.142857142857142
428,13.85000013,43.45,13.95000013,43.35,17,27.7506835878723,7.03442880188228,16.7000007629395,45.7999992370605,356.8134181,13.9,43.4,333.68421052631527,145.90000000000012,203.85,448.3809523809524,304.4285714285711
429,13.95000013,43.45,14.05000013,43.35,17,51.8814507039885,6.25460423880455,34.3499984741211,61.8499984741211,499.696639866667,14.0,43.4,382.68421052631527,295.4500000000002,517.85,557.8095238095239,363.28571428571394
430,14.05000013,43.45,14.15000013,43.35,17,66.0531684665216,3.29424468804853,58.6500015258789,74.0500030517578,449.115516933333,14.1,43.4,430.7368421052624,342.7000000000001,371.25,536.5714285714286,415.52380952380906
431,14.15000013,43.45,14.25000013,43.35,17,76.2300239528219,2.88605280859815,69.0,83.0,418.343487561905,14.2,43.4,578.578947368421,472.3000000000002,315.05,517.4285714285713,577.619047619047
432,14.25000013,43.45,14.35000013,43.35,17,84.4590062383148,3.21471809663528,78.0999984741211,91.0500030517578,407.449869442857,14.3,43.4,687.894736842105,598.8999999999994,334.4000000000001,509.2857142857143,676.2380952380946
433,14.35000013,43.45,14.45000013,43.35,17,91.3935004671415,1.65036984479835,84.4000015258789,93.0,412.815782771429,14.4,43.4,370.7894736842098,341.7500000000003,357.29999999999995,515.0,379.99999999999955
434,14.45000013,43.45,14.55000013,43.35,17,90.9947482926978,1.68747793954411,87.5,93.0,405.527116519048,14.5,43.4,401.8421052631568,393.7000000000005,361.2,507.23809523809524,417.80952380952345
435,14.55000013,43.45,14.65000013,43.35,17,93.4315484712521,3.1987056763074,87.5,98.5,442.663944061905,14.6,43.4,524.6842105263152,466.0500000000005,396.6,530.7142857142857,538.6666666666658
436,14.65000013,43.45,14.75000013,43.35,17,97.5599826739894,1.98774344764018,93.0,100.0,472.096380938095,14.7,43.4,402.8421052631567,350.95000000000067,488.05,543.2857142857142,391.6190476190473
437,14.75000013,43.45,14.85000013,43.35,17,101.487803892129,1.55452719311993,97.75,105.0,511.022262295238,14.8,43.4,471.8947368421042,416.7000000000006,613.35,556.0,446.4761904761897
438,14.85000013,43.45,14.95000013,43.35,17,107.491954297655,3.80719651982063,100.800003051758,117.099998474121,558.554578647619,14.9,43.4,576.9999999999999,451.1500000000005,605.3499999999999,582.6190476190476,545.7619047619041
439,14.95000013,43.45,15.05000013,43.35,17,116.826249248452,2.8223775060635,109.75,122.375,692.967323866667,15.0,43.4,1008.4210526315788,906.9499999999982,622.35,733.952380952381,1015.4761904761888
440,15.05000013,43.45,15.15000013,43.35,17,119.003808846904,3.42628162480397,111.094352722168,134.510711669922,933.452576609524,15.1,43.4,1222.8421052631545,931.3499999999992,810.0999999999999,1004.0000000000001,1156.8095238095198
441,15.15000013,43.45,15.25000013,43.35,17,163.214025233355,26.4041816667819,119.19637298584,228.754699707031,1966.64502530476,15.2,43.4,2772.315789473687,1529.3999999999987,1056.75,2129.9999999999995,2630.4285714285825
442,15.25000013,43.45,15.35000013,43.35,17,222.370055622525,12.6662054450567,172.953308105469,237.227752685547,1882.86722012857,15.3,43.4,2607.789473684212,2077.750000000003,1497.25,2055.5714285714284,2570.42857142858
443,15.35000013,43.45,15.45000013,43.35,17,218.021708351043,8.1036713618473,201.857543945312,233.127944946289,2290.81732109524,15.4,43.4,3148.8947368421063,2308.7500000000027,1634.35,2485.857142857143,3186.1428571428637
444,15.45000013,43.45,15.55000013,43.35,17,197.396941898598,6.04080497203722,186.881118774414,209.164459228516,3557.44092090476,15.5,43.4,3003.473684210524,1859.000000000001,3024.15,3833.190476190476,2691.666666666677
445,15.55000013,43.45,15.65000013,43.35,17,181.719027699696,5.65842225913688,168.210205078125,193.783004760742,3628.43672733333,15.6,43.4,2549.89473684211,1656.6000000000006,3317.5000000000005,3936.1428571428573,2319.7619047619123
446,15.65000013,43.45,15.75000013,43.35,17,169.307208981779,4.9438518174385,158.212142944336,183.837341308594,3079.06360657143,15.7,43.4,2510.578947368419,1721.449999999999,2797.3,3333.7619047619055,2514.2380952381054
447,15.75000013,43.45,15.85000013,43.35,17,153.823941840894,7.79057494764621,127.861633300781,181.133666992188,2077.81863847619,15.8,43.4,2585.1052631578973,1880.4499999999969,1649.4499999999998,2242.047619047619,2644.3333333333417
448,15.85000013,43.45,15.95000013,43.35,17,137.124339877731,4.03657936807461,125.060859680176,148.087997436523,1178.80862449524,15.9,43.4,1511.6842105263124,1322.099999999998,1131.45,1262.8571428571427,1496.9999999999952
449,15.95000013,43.45,16.05000013,43.35,17,119.852887537744,8.9167590863089,33.14453125,130.814224243164,870.73015292381,16.0,43.4,1117.4736842105222,1165.7999999999993,873.6999999999999,842.7142857142858,1193.3809523809468
450,16.05000013,43.45,16.15000013,43.35,17,78.6713827053706,43.968635200342,0.0,121.9111328125,858.140844338095,16.1,43.4,693.8947368421045,530.9499999999985,598.5500000000001,759.1428571428571,714.809523809521
451,16.35000013,43.45,16.45000013,43.35,17,38.8737317797107,18.4577356100754,0.0,62.3974723815918,300.922090085714,16.4,43.4,189.31578947368425,9.45,70.64999999999999,224.6190476190476,172.14285714285708
452,16.45000013,43.45,16.55000013,43.35,17,24.8479875688855,21.6394952459262,0.0,55.8094367980957,108.153853521429,16.5,43.4,107.52631578947368,115.1,0.0,47.61904761904762,106.61904761904762
453,16.55000013,43.45,16.65000013,43.35,17,26.2985252245433,22.3724320050945,0.0,72.6416473388672,225.914425985714,16.6,43.4,159.8947368421053,81.4,168.45,174.85714285714286,158.09523809523807
454,16.65000013,43.45,16.75000013,43.35,17,24.1572222866752,24.3211478277303,0.0,82.2540969848633,489.46805597619,16.7,43.4,387.6315789473684,55.99999999999999,141.1,459.09523809523813,359.28571428571433
455,16.75000013,43.45,16.85000013,43.35,17,22.3526616140476,27.4996333423523,0.0,87.5433654785156,48.2083075452381,16.8,43.4,73.73684210526315,90.15,0.0,0.0,80.80952380952381
456,13.85000013,43.35,13.95000013,43.25,17,20.4507812364027,4.05595292573228,14.3500003814697,34.0499992370605,300.603250351429,13.9,43.3,278.0526315789472,72.44999999999995,152.3,323.09523809523813,246.57142857142853
457,13.95000013,43.35,14.05000013,43.25,17,43.3717447753168,8.53810210453093,24.3500003814697,58.4500007629395,568.394585728571,14.0,43.3,489.31578947368376,328.3500000000001,523.1,614.952380952381,427.9047619047617
458,14.05000013,43.35,14.15000013,43.25,17,62.4896213296387,3.35884900368937,53.7999992370605,68.75,579.367807866667,14.1,43.3,228.10526315789505,171.2000000000001,668.3,635.7619047619047,236.5714285714284
459,14.15000013,43.35,14.25000013,43.25,17,72.5858724754718,2.58685063216053,66.9499969482422,78.0,493.514150361905,14.2,43.3,407.4736842105254,376.2000000000003,552.5500000000001,555.8095238095237,431.095238095238
460,14.25000013,43.35,14.35000013,43.25,17,79.812087783383,1.60397859483154,76.3499984741211,84.1500015258789,438.353509138095,14.3,43.3,492.7894736842097,501.8000000000002,408.4,530.7619047619047,511.19047619047643
461,14.35000013,43.35,14.45000013,43.25,17,85.7248372857769,2.80991955300097,80.8000030517578,92.9499969482422,425.016089842857,14.4,43.3,462.1578947368412,382.4000000000004,321.55,523.3809523809524,464.33333333333286
462,14.45000013,43.35,14.55000013,43.25,17,92.8897516056895,2.28372404650577,86.75,99.0,482.281411628571,14.5,43.3,530.6842105263153,483.7500000000008,536.9,551.095238095238,559.8571428571415
463,14.55000013,43.35,14.65000013,43.25,17,96.9603489165505,2.63853994181196,87.265998840332,103.0,538.88490252381,14.6,43.3,400.6315789473673,354.15000000000083,711.45,574.6666666666666,406.8571428571428
464,14.65000013,43.35,14.75000013,43.25,17,101.091141329871,2.16650445648042,92.4899978637695,107.75,636.939927409524,14.7,43.3,529.6315789473672,449.4000000000007,649.4499999999999,695.4285714285714,515.428571428571
465,14.75000013,43.35,14.85000013,43.25,17,106.841417136292,3.98830155656504,99.0,116.0,719.943273133333,14.8,43.3,717.9473684210524,568.2499999999991,600.4499999999999,752.5238095238096,688.6190476190465
466,14.85000013,43.35,14.95000013,43.25,17,114.755593611134,6.22201006351336,100.0,128.949996948242,805.277819447619,14.9,43.3,1044.8947368421043,829.8999999999987,735.0,845.9999999999999,983.0952380952364
467,14.95000013,43.35,15.05000013,43.25,17,126.432613103754,5.04121958153016,117.25,138.199996948242,1027.58661242381,15.0,43.3,962.1578947368416,749.099999999998,947.6999999999998,1146.7142857142856,887.809523809522
468,15.05000013,43.35,15.15000013,43.25,17,135.447171299822,9.94809947074735,120.099540710449,170.450775146484,1313.45678912381,15.1,43.3,2273.2105263157914,1447.999999999999,635.0,1426.0476190476188,2201.0000000000045
469,15.15000013,43.35,15.25000013,43.25,17,192.322374862101,21.3325218384844,135.536148071289,227.051254272461,2345.99021428571,15.2,43.3,2863.894736842109,1810.9499999999964,1569.95,2543.571428571429,2911.6666666666806
470,15.25000013,43.35,15.35000013,43.25,17,217.108422201541,10.376429077718,192.440155029297,234.234039306641,2343.621484,15.3,43.3,3742.526315789476,2303.600000000005,1336.4999999999998,2540.0952380952385,3407.4285714285793
471,15.35000013,43.35,15.45000013,43.25,17,199.843122498857,6.81320536931369,176.500152587891,218.669082641602,3343.12366557143,15.4,43.3,4433.526315789486,2710.400000000004,2243.2,3621.238095238095,3763.61904761906
472,15.45000013,43.35,15.55000013,43.25,17,182.749039754272,7.82357539825241,168.108306884766,203.879577636719,3387.73654328571,15.5,43.3,3475.3157894736887,1675.3499999999972,2278.0,3669.4285714285716,3012.9523809523916
473,15.55000013,43.35,15.65000013,43.25,17,167.320674657822,8.14434366637089,150.974243164062,186.635269165039,2897.24129604762,15.6,43.3,3103.421052631581,1167.1499999999971,1409.6,3127.857142857143,2945.142857142869
474,15.65000013,43.35,15.75000013,43.25,17,152.200025551849,6.83992229270749,139.965393066406,168.089416503906,2060.56387244286,15.7,43.3,2392.736842105261,1115.4499999999994,1083.15,2229.0952380952385,2271.9523809523926
475,15.75000013,43.35,15.85000013,43.25,17,142.543087494042,5.855485643014,128.137710571289,157.988037109375,1521.91086629048,15.8,43.3,2229.2105263157914,1434.949999999998,897.05,1632.3809523809525,2168.0000000000146
476,15.85000013,43.35,15.95000013,43.25,17,129.806493731836,3.99977939782501,120.151679992676,142.934585571289,1100.81279457143,15.9,43.3,1679.9473684210495,1272.7499999999989,847.3999999999999,1223.2380952380952,1646.9999999999943
477,15.95000013,43.35,16.05000013,43.25,17,118.93513328582,1.92291504605327,115.854698181152,124.780792236328,925.414451209524,16.0,43.3,944.1052631578948,949.9499999999982,1022.85,984.1428571428573,949.5714285714259
478,16.05000013,43.35,16.15000013,43.25,17,112.351776344909,2.8834115002157,105.929916381836,118.145301818848,928.2128158,16.1,43.3,1005.7894736842092,829.7499999999981,703.1,978.9047619047619,1128.6190476190436
479,16.15000013,43.35,16.25000013,43.25,17,99.3014784529805,4.74393106573273,91.8887939453125,107.947250366211,828.933486428571,16.2,43.3,621.0,538.1999999999986,727.15,838.6190476190476,684.4761904761881
480,16.25000013,43.35,16.35000013,43.25,17,81.6959156647532,18.1515837311563,0.0,110.237907409668,600.018886995238,16.3,43.3,607.8421052631576,538.0499999999985,374.35,497.1428571428571,685.3809523809509
481,16.85000013,43.35,16.95000013,43.25,17,41.8426998241598,28.9310055638137,0.0,86.6092376708984,162.577160081905,16.9,43.3,314.7368421052632,217.5,47.650000000000006,136.57142857142858,316.5714285714285
482,13.85000013,43.25,13.95000013,43.15,17,16.8061794531014,2.42298843513044,11.8000001907349,24.0499992370605,134.19502001,13.9,43.2,112.6842105263158,17.700000000000006,0.0,152.95238095238093,102.76190476190479
483,13.95000013,43.25,14.05000013,43.15,17,34.7834146923075,9.47234336578282,19.1499996185303,53.3499984741211,573.661177466667,14.0,43.2,453.0526315789468,234.45,478.6,627.1428571428572,410.7619047619048
484,14.05000013,43.25,14.15000013,43.15,17,61.7594401559068,4.74421516439234,47.9000015258789,70.75,794.206891628571,14.1,43.2,438.2631578947363,300.65000000000015,697.9,839.8095238095239,455.5714285714283
485,14.15000013,43.25,14.25000013,43.15,17,73.7055013924837,3.33236801113562,67.1500015258789,81.4000015258789,613.070136261905,14.2,43.2,506.5263157894729,443.4500000000001,599.35,677.0952380952381,547.6666666666662
486,14.25000013,43.25,14.35000013,43.15,17,82.9674642847644,2.7824500889132,76.8499984741211,89.8499984741211,505.910295357143,14.3,43.2,589.7368421052629,558.4500000000003,553.7,561.6666666666665,617.4761904761896
487,14.35000013,43.25,14.45000013,43.15,17,87.1214030442966,2.36028417577542,81.0,93.0,472.729971490476,14.4,43.2,712.3684210526317,605.4999999999995,445.7000000000001,546.7619047619046,646.9999999999995
488,14.45000013,43.25,14.55000013,43.15,17,90.3313640256723,4.31574312729181,83.0,99.8499984741211,530.989629047619,14.5,43.2,452.1052631578932,361.5000000000006,640.4999999999999,571.0476190476192,438.9999999999995
489,14.55000013,43.25,14.65000013,43.15,17,101.469173239337,2.26001070591419,97.0,109.300003051758,726.985161095238,14.6,43.2,695.8421052631579,490.0000000000009,570.4,772.047619047619,668.2857142857132
490,14.65000013,43.25,14.75000013,43.15,17,108.344352261888,3.81780337401047,101.0,117.349998474121,929.868246028571,14.7,43.2,998.2105263157896,754.4499999999985,816.8999999999999,997.0000000000001,936.0476190476172
491,14.75000013,43.25,14.85000013,43.15,17,115.929579047693,3.46090599554953,107.949996948242,122.949996948242,1069.24062503333,14.8,43.2,1134.105263157894,925.949999999999,1008.7,1189.952380952381,1037.190476190474
492,14.85000013,43.25,14.95000013,43.15,17,124.583273738623,4.65201593472106,116.25,136.050003051758,1170.78648381429,14.9,43.2,766.0000000000007,559.7499999999992,1175.0,1275.1904761904761,700.8571428571421
493,14.95000013,43.25,15.05000013,43.15,17,140.456232133839,6.74906713119664,129.050003051758,158.51171875,1533.1874272381,15.0,43.2,1171.578947368418,624.099999999998,1226.05,1652.1904761904764,1114.5238095238078
494,15.05000013,43.25,15.15000013,43.15,17,186.637519809935,30.7511447940313,136.564422607422,254.447601318359,2399.78482647619,15.1,43.2,2757.526315789478,887.9499999999989,884.2499999999999,2617.571428571429,2636.904761904771
495,15.15000013,43.25,15.25000013,43.15,17,196.056085108055,18.8563353412879,163.640411376953,259.122772216797,2975.58896666667,15.2,43.2,4506.315789473696,2239.100000000001,1067.2,3216.476190476191,4405.190476190491
496,15.25000013,43.25,15.35000013,43.15,17,191.677707143956,5.93800087617352,178.854705810547,209.527954101562,3322.07512009524,15.3,43.2,6039.526315789491,3777.600000000002,1794.75,3590.2380952380945,5087.380952380966
497,15.35000013,43.25,15.45000013,43.15,17,178.895923099584,9.25128599090711,138.869918823242,192.873397827148,3411.40237309524,15.4,43.2,3492.4736842105285,2326.000000000004,3042.05,3691.761904761904,2714.3333333333444
498,15.45000013,43.25,15.55000013,43.15,17,161.875160212318,10.2669065690327,129.98796081543,176.924621582031,2840.08991257143,15.5,43.2,1932.9473684210488,1064.649999999998,2477.55,3065.9523809523803,1715.333333333329
499,15.55000013,43.25,15.65000013,43.15,17,143.931206481324,6.86888017200883,129.654876708984,167.690383911133,1990.68502637143,15.6,43.2,2053.5789473684163,843.7999999999982,1124.9,2152.095238095238,1893.7142857142799
500,15.65000013,43.25,15.75000013,43.15,17,138.679080115424,6.51073380941607,125.025177001953,152.694061279297,1559.40711204762,15.7,43.2,1358.1578947368384,724.3999999999995,1155.85,1680.6190476190477,1259.9523809523773
501,15.75000013,43.25,15.85000013,43.15,17,132.395090257128,4.86633983345076,125.032241821289,141.995712280273,1156.76066071905,15.8,43.2,1277.7368421052606,812.7999999999989,890.4,1268.5238095238094,1226.8095238095204
502,15.85000013,43.25,15.95000013,43.15,17,124.522762941817,3.55826859317915,117.892204284668,132.932357788086,933.252823080952,15.9,43.2,770.4736842105261,720.6999999999986,1020.35,1012.0000000000001,737.8571428571402
503,15.95000013,43.25,16.05000013,43.15,17,116.164832121796,2.8609750018305,109.885223388672,122.120132446289,828.718133019048,16.0,43.2,885.9999999999994,828.2499999999989,871.1500000000001,881.3333333333334,867.5714285714262
504,16.05000013,43.25,16.15000013,43.15,17,106.009951882478,8.09138665399313,63.9023857116699,117.856094360352,769.240099185714,16.1,43.2,750.736842105262,789.149999999999,689.4000000000001,799.6666666666667,856.2380952380934
505,16.15000013,43.25,16.25000013,43.15,17,93.8522195418676,5.36367464932969,85.9290542602539,105.966468811035,630.8021402,16.2,43.2,373.6315789473673,221.60000000000045,544.8,689.8095238095239,359.2857142857138
506,16.25000013,43.25,16.35000013,43.15,17,71.0876580361122,23.811934771725,0.0,92.9119567871094,487.586867552381,16.3,43.2,687.0526315789471,678.7499999999992,359.8,456.8571428571429,748.3333333333328
507,16.65000013,43.25,16.75000013,43.15,17,37.532619435767,32.733465369602,0.0,99.5481567382812,195.935002137619,16.7,43.2,237.1052631578948,75.94999999999999,38.05,180.6190476190476,224.14285714285717
508,16.75000013,43.25,16.85000013,43.15,17,59.8698729854077,29.4444967702164,0.0,101.935791015625,579.799106014286,16.8,43.2,476.578947368421,90.5,170.34999999999997,530.7142857142857,453.047619047619
509,16.85000013,43.25,16.95000013,43.15,17,55.2926584785649,22.2882893631878,0.0,82.8880767822266,650.484253961905,16.9,43.2,465.3157894736842,117.15,269.25,601.4285714285713,440.1428571428571
510,16.95000013,43.25,17.05000013,43.15,17,50.9502135088874,17.8155266783027,0.0,123.736167907715,576.820923476191,17.0,43.2,574.6842105263157,117.55,127.35,552.7619047619048,543.8571428571428
511,17.05000013,43.25,17.15000013,43.15,17,35.0579541738296,28.2756044334568,0.0,132.778305053711,1990.65814050952,17.1,43.2,1983.3684210526312,35.24999999999999,137.15,1979.1904761904761,1874.6190476190475
512,13.95000013,43.15,14.05000013,43.05,17,27.2356824870739,8.06952660487018,16.6000003814697,47.5,513.530723119048,14.0,43.1,614.3157894736846,343.25000000000017,328.2,562.6190476190476,556.9523809523802
513,14.05000013,43.15,14.15000013,43.05,17,60.9130316914784,7.94605169901965,41.4000015258789,73.3000030517578,1079.46315884762,14.1,43.1,472.7368421052625,268.20000000000005,968.6,1207.2857142857144,482.3333333333332
514,14.15000013,43.15,14.25000013,43.05,17,79.2276692961653,3.98373851734315,70.9499969482422,87.75,811.088584985714,14.2,43.1,589.7894736842106,423.2500000000002,726.8,862.9047619047619,622.2380952380942
515,14.25000013,43.15,14.35000013,43.05,17,90.2265842308601,4.35167783237956,81.6999969482422,102.150001525879,596.238682261905,14.3,43.1,777.5789473684215,589.3999999999993,506.35,658.6666666666666,781.3809523809515
516,14.35000013,43.15,14.45000013,43.05,17,95.5623861278097,3.89673654678025,89.9000015258789,107.599998474121,516.135426771429,14.4,43.1,1095.6315789473656,846.7999999999984,387.8999999999999,565.8095238095237,1052.4285714285697
517,14.45000013,43.15,14.55000013,43.05,17,101.700168235434,6.06577102677607,90.4000015258789,117.150001525879,659.802444252381,14.5,43.1,1561.157894736839,1251.4999999999975,401.15,722.7619047619048,1423.523809523807
518,14.55000013,43.15,14.65000013,43.05,17,112.358539562258,5.32677763542663,99.1999969482422,123.199996948242,1022.57719055714,14.6,43.1,1412.5789473684151,1084.7499999999973,809.0499999999998,1141.571428571429,1286.3809523809493
519,14.65000013,43.15,14.75000013,43.05,17,119.698654593693,4.77607778880602,109.449996948242,128.0,1406.17881841905,14.7,43.1,1501.1052631578918,1209.8999999999978,1295.55,1504.4285714285716,1339.9523809523803
520,14.75000013,43.15,14.85000013,43.05,17,124.326676487923,3.22356397383309,117.550003051758,132.75,1520.11167368095,14.8,43.1,1232.3684210526292,896.9999999999989,1435.9,1629.0952380952383,1110.4285714285675
521,14.85000013,43.15,14.95000013,43.05,17,136.0497071594,8.93322941048543,117.0,181.949996948242,1667.77955239048,14.9,43.1,1818.4736842105224,659.4499999999989,755.3500000000001,1806.9999999999998,1689.9047619047597
522,14.95000013,43.15,15.05000013,43.05,17,183.256792512205,29.993995958229,136.25,235.0,2438.03399471429,15.0,43.1,2909.1052631578973,1435.3499999999983,1322.6,2663.6190476190477,2720.3333333333385
523,15.05000013,43.15,15.15000013,43.05,17,225.991169489092,36.9719746239593,158.399993896484,267.208465576172,1058.99620094762,15.1,43.1,1933.3684210526296,1382.8999999999985,714.1999999999999,1190.3809523809525,1807.1904761904732
524,15.15000013,43.15,15.25000013,43.05,17,249.542590954238,10.3087789116067,212.350479125977,266.232421875,992.952528380952,15.2,43.1,2265.7368421052674,1566.649999999998,464.3,1091.7619047619048,2163.095238095242
525,15.25000013,43.15,15.35000013,43.05,17,213.423098180029,12.4729798549724,188.114669799805,240.517654418945,2732.447797,15.3,43.1,3615.0526315789466,1680.4499999999996,1196.4,2955.809523809524,3396.7619047619164
526,15.35000013,43.15,15.45000013,43.05,17,167.611086852849,37.9175947486572,69.654914855957,208.884841918945,2934.28328485714,15.4,43.1,3311.3157894736896,2387.15,2532.9,3128.190476190476,2776.0000000000114
527,15.45000013,43.15,15.55000013,43.05,17,123.960606539415,26.9645141211869,0.0,184.176681518555,1684.36921551905,15.5,43.1,2548.1578947368453,1911.899999999996,1313.5500000000002,1720.6666666666665,2249.3333333333435
528,15.55000013,43.15,15.65000013,43.05,17,139.595547258854,4.45212788460918,128.011962890625,149.972793579102,1765.72894234762,15.6,43.1,2942.999999999999,1228.699999999997,397.45,1946.8095238095239,2727.0952380952494
529,15.65000013,43.15,15.75000013,43.05,17,123.35476911068,6.16968635714518,81.61328125,135.040130615234,1157.7380957619,15.7,43.1,1550.894736842101,1174.449999999998,948.65,1242.7142857142858,1431.6190476190447
530,15.75000013,43.15,15.85000013,43.05,17,121.795839279062,5.68742453445876,77.14453125,127.195602416992,927.484215933333,15.8,43.1,1521.2105263157862,1311.5499999999984,894.3,977.0476190476192,1545.2380952380904
531,15.85000013,43.15,15.95000013,43.05,17,114.12258198195,6.62724405876654,100.069801330566,126.847618103027,725.955432385714,15.9,43.1,1124.052631578945,990.45,636.3499999999999,771.6666666666666,1057.9523809523766
532,15.95000013,43.15,16.05000013,43.05,17,103.502688383321,18.3539327453613,0.0,117.786880493164,676.1214609,16.0,43.1,1271.368421052628,1215.7999999999984,583.15,678.4285714285713,1208.7619047619016
533,16.05000013,43.15,16.15000013,43.05,17,69.8163058278927,41.9190014341951,0.0,114.334587097168,627.729546704762,16.1,43.1,1013.1052631578945,777.2499999999984,362.0,663.5714285714286,1158.7142857142824
534,16.15000013,43.15,16.25000013,43.05,17,50.6735307462255,37.5594911219208,0.0,104.79906463623,408.000123519048,16.2,43.1,605.5789473684209,355.4500000000005,173.40000000000003,485.9047619047618,611.8571428571415
535,16.25000013,43.15,16.35000013,43.05,17,81.4898603734457,21.1770141903488,0.0,95.1147079467773,439.264396571429,16.3,43.1,358.4736842105255,273.8500000000004,296.8,467.8571428571429,341.3333333333328
536,16.35000013,43.15,16.45000013,43.05,17,71.9824387130017,19.3281648186366,0.0,89.7629241943359,363.804693961905,16.4,43.1,315.7368421052623,216.95000000000024,231.6,403.7142857142857,326.0476190476186
537,16.45000013,43.15,16.55000013,43.05,17,72.1594088240009,17.3159847419409,0.0,93.2054061889648,352.002308114286,16.5,43.1,218.4210526315791,93.94999999999992,225.85,393.0,222.4761904761903
538,16.55000013,43.15,16.65000013,43.05,17,44.8197857212767,27.4904836415086,0.0,100.319389343262,397.990375547619,16.6,43.1,421.36842105263145,147.4500000000001,155.5,457.99999999999994,394.9999999999999
539,16.65000013,43.15,16.75000013,43.05,17,25.0297835868162,27.2836326365533,0.0,96.9261169433594,119.207111261429,16.7,43.1,614.2631578947368,543.2999999999997,0.0,110.66666666666666,610.3333333333331
540,16.75000013,43.15,16.85000013,43.05,17,40.2774489249827,29.2456027048851,0.0,78.3329086303711,647.668372052381,16.8,43.1,307.2105263157894,110.89999999999998,451.0,642.6666666666666,328.80952380952385
541,16.85000013,43.15,16.95000013,43.05,17,33.6945217108975,29.8676823131132,0.0,77.6343994140625,457.342334157143,16.9,43.1,310.2105263157894,136.55,252.79999999999995,461.66666666666663,311.61904761904765
542,16.95000013,43.15,17.05000013,43.05,17,29.09959224975,26.9505515504402,0.0,71.8714065551758,243.856145204762,17.0,43.1,190.8421052631579,86.35000000000001,152.5,208.85714285714283,186.09523809523807
543,17.05000013,43.15,17.15000013,43.05,17,30.9730047733616,24.8370221431133,0.0,71.7258758544922,493.344076461905,17.1,43.1,437.4736842105263,74.80000000000001,181.1,512.1428571428572,418.8571428571429
544,17.15000013,43.15,17.25000013,43.05,17,39.3842772857493,16.6522252070861,0.0,59.2081031799316,758.552489242857,17.2,43.1,366.2105263157895,57.45,289.20000000000005,573.5238095238095,355.0952380952381
545,17.25000013,43.15,17.35000013,43.05,17,27.5548245066053,18.8648902664034,0.0,68.4352111816406,1036.44886497143,17.3,43.1,662.421052631579,4.4,248.15,882.6190476190477,638.0952380952382
546,13.95000013,43.05,14.05000013,42.95,17,21.4816351739897,5.26713322825906,14.0500001907349,40.6500015258789,216.465159623333,14.0,43.0,428.3684210526313,286.95000000000005,137.45000000000002,212.1428571428571,380.047619047619
547,14.05000013,43.05,14.15000013,42.95,17,55.6324652698305,10.5003084929659,31.2999992370605,72.5,1206.8237928619,14.1,43.0,681.2105263157893,426.30000000000007,1070.7,1320.095238095238,691.2380952380947
548,14.15000013,43.05,14.25000013,42.95,17,79.998980116513,4.98842547645992,69.3499984741211,88.75,962.373603547619,14.2,43.0,813.6842105263156,569.3999999999996,799.5,1041.857142857143,862.3333333333328
549,14.25000013,43.05,14.35000013,42.95,17,94.4257161948416,4.16178343662371,86.5,105.099998474121,693.355888695238,14.3,43.0,936.1052631578948,751.2000000000002,523.15,748.857142857143,954.476190476189
550,14.35000013,43.05,14.45000013,42.95,17,113.151009186274,6.16018344607273,102.199996948242,124.300003051758,659.212201914286,14.4,43.0,694.7368421052633,506.9500000000008,559.6,721.9523809523808,679.6666666666648
551,14.45000013,43.05,14.55000013,42.95,17,122.326985743311,4.86074972150797,107.800003051758,133.399993896484,901.825467628571,14.5,43.0,883.7368421052641,665.149999999998,872.95,967.5238095238094,789.6190476190465
552,14.55000013,43.05,14.65000013,42.95,17,126.783490204977,4.32251742555661,117.25,135.699996948242,1369.27472580476,14.6,43.0,1212.6315789473647,963.349999999998,1322.65,1473.9047619047617,1021.1428571428568
553,14.65000013,43.05,14.75000013,42.95,17,128.008316347996,2.70072793008066,123.349998474121,145.580001831055,1813.77390214762,14.7,43.0,2420.842105263159,1556.2499999999984,1226.3,1985.3809523809523,2192.4761904761986
554,14.75000013,43.05,14.85000013,42.95,17,142.430798539685,23.022627099832,116.0,215.669998168945,1984.81019861429,14.8,43.0,3914.842105263163,2392.400000000004,748.1999999999999,2146.857142857143,3607.0952380952463
555,14.85000013,43.05,14.95000013,42.95,17,152.489112979008,18.3532663297322,117.0,217.824996948242,2214.05106747619,14.9,43.0,3718.842105263159,2300.000000000001,1129.05,2387.190476190476,3448.9523809523903
556,14.95000013,43.05,15.05000013,42.95,17,203.167739177744,27.83981928287,146.949996948242,261.755004882812,2703.04663466667,15.0,43.0,2952.6315789473674,1661.699999999999,1819.4,2922.8095238095234,2733.5238095238196
557,15.05000013,43.05,15.15000013,42.95,17,237.08688092894,13.3642154580766,208.6171875,265.459991455078,1271.26988768095,15.1,43.0,2278.052631578946,1478.749999999998,731.35,1392.7619047619046,2149.28571428572
558,15.15000013,43.05,15.25000013,42.95,17,227.183723209633,11.4865492777946,201.322601318359,255.761566162109,2233.80082942857,15.2,43.0,3393.8421052631625,1833.199999999998,1030.6999999999998,2410.6666666666665,3201.3333333333435
559,15.25000013,43.05,15.35000013,42.95,17,213.396521770292,8.74640527292378,196.069946289062,236.716705322266,2525.0716052381,15.3,43.0,4141.7894736842245,1968.6999999999985,731.4000000000001,2751.476190476191,3955.0476190476293
560,15.35000013,43.05,15.45000013,42.95,17,191.947250612908,7.99004430457135,176.047210693359,214.869384765625,2947.40664004762,15.4,43.0,4262.578947368426,1525.8999999999971,683.4000000000001,3186.0,3924.9523809523907
561,15.45000013,43.05,15.55000013,42.95,17,167.540103546447,8.43419207385415,140.849273681641,188.080383300781,2470.99435366667,15.5,43.0,2426.105263157894,1145.799999999999,1631.0000000000005,2690.4761904761904,2177.2380952380995
562,15.55000013,43.05,15.65000013,42.95,17,142.862314961851,10.0184322912364,124.005020141602,161.963592529297,1462.94742069048,15.6,43.0,1190.3157894736808,657.7999999999984,1199.7499999999998,1569.6190476190477,1053.761904761901
563,15.65000013,43.05,15.75000013,42.95,17,112.337042876105,38.7896541270668,0.0,147.820251464844,986.532496766667,15.7,43.0,1344.5789473684172,1127.8999999999987,800.45,941.4761904761904,1135.3333333333303
564,15.75000013,43.05,15.85000013,42.95,17,81.4764594297546,35.0085469809747,0.0,138.838195800781,78.1822254,15.8,43.0,1113.157894736839,1054.249999999999,0.0,13.333333333333332,934.8095238095216
565,15.85000013,43.05,15.95000013,42.95,17,97.2801884768738,5.84839956982743,77.2968902587891,109.39274597168,682.584850457143,15.9,43.0,1633.7368421052586,1184.4499999999975,406.65,718.2380952380952,1310.7142857142833
566,15.95000013,43.05,16.05000013,42.95,17,73.1765166125163,35.5064407928829,0.0,112.489501953125,180.180086951905,16.0,43.0,1822.473684210525,1731.149999999999,219.85,170.47619047619045,1581.3333333333305
567,16.05000013,43.05,16.15000013,42.95,17,58.4579420715777,53.5131368435811,0.0,160.163665771484,175.598550489524,16.1,43.0,478.57894736842,445.0500000000005,150.35,174.47619047619048,502.7142857142852
568,16.15000013,43.05,16.25000013,42.95,17,65.2575204164152,56.6485298065177,0.0,150.573776245117,532.414728057143,16.2,43.0,616.315789473684,458.2000000000008,402.25,527.9047619047618,676.6190476190468
569,16.25000013,43.05,16.35000013,42.95,17,93.8468245616079,27.2268066745036,0.0,125.838394165039,469.9649079,16.3,43.0,446.2105263157882,344.4000000000005,335.85,487.66666666666674,473.2380952380946
570,16.35000013,43.05,16.45000013,42.95,17,85.866041313236,23.1974438646305,22.5745449066162,117.138328552246,399.101060785714,16.4,43.0,383.157894736841,240.6500000000003,227.50000000000009,448.5714285714286,369.04761904761887
571,16.45000013,43.05,16.55000013,42.95,17,88.4557331355496,14.9350668133278,27.2082462310791,111.903533935547,391.874259138095,16.5,43.0,246.6842105263159,200.20000000000024,273.55,434.2380952380952,264.9047619047615
572,16.55000013,43.05,16.65000013,42.95,17,66.1745581962168,25.6744477121126,0.0,103.74951171875,252.368234647619,16.6,43.0,352.42105263157856,207.65000000000023,152.35000000000002,236.66666666666663,368.90476190476153
573,13.95000013,42.95,14.05000013,42.85,17,17.2918782432874,4.46087919515568,8.5,30.6000003814697,98.5893611157143,14.0,42.9,283.5263157894734,267.79999999999995,0.0,38.095238095238095,257.90476190476187
574,14.05000013,42.95,14.15000013,42.85,17,48.0771863814443,11.5897437000011,22.2999992370605,68.9499969482422,1072.02430398095,14.1,42.9,742.5263157894733,406.5500000000003,851.8,1201.952380952381,725.6190476190469
575,14.15000013,42.95,14.25000013,42.85,17,75.8400337393913,5.94972746095604,60.4000015258789,86.3000030517578,1048.10793764286,14.2,42.9,895.0000000000003,705.6499999999994,918.0,1176.142857142857,947.3333333333321
576,14.25000013,42.95,14.35000013,42.85,17,92.1203505827321,3.97761814084571,83.5500030517578,104.150001525879,836.802233319048,14.3,42.9,1015.473684210526,808.3499999999987,727.0000000000001,891.4761904761905,1045.8571428571413
577,14.35000013,42.95,14.45000013,42.85,17,115.395676083863,10.0386788222366,98.4000015258789,132.449996948242,845.837294628571,14.4,42.9,1015.4210526315784,705.0999999999982,688.8499999999999,899.1428571428572,981.9999999999985
578,14.45000013,42.95,14.55000013,42.85,17,140.380593496064,14.3683185597284,124.400001525879,205.320007324219,1213.81873827143,14.5,42.9,3288.21052631579,2219.350000000006,307.54999999999995,1333.6190476190477,3285.3809523809623
579,14.55000013,42.95,14.65000013,42.85,17,166.496557897992,36.1471736223368,130.0,232.229995727539,1732.18646089524,14.6,42.9,3369.8421052631584,2087.100000000007,737.0999999999998,1916.6190476190475,3087.5714285714394
580,14.65000013,42.95,14.75000013,42.85,17,203.733417034149,44.6289457331314,129.0,261.010009765625,2136.9288850619,14.7,42.9,2958.0526315789493,1984.7999999999968,1474.7999999999995,2303.0476190476193,2757.000000000008
581,14.75000013,42.95,14.85000013,42.85,17,236.949415683746,18.6771773626182,150.009994506836,260.679992675781,1234.9841367381,14.8,42.9,2226.315789473687,1932.3999999999985,1174.85,1352.761904761905,2056.8571428571468
582,14.85000013,42.95,14.95000013,42.85,17,209.31236758497,19.2352580919983,173.404998779297,249.725006103516,2599.50576219048,14.9,42.9,3891.21052631579,2439.350000000005,1604.9499999999998,2822.666666666667,3511.3809523809614
583,14.95000013,42.95,15.05000013,42.85,17,201.909212203489,9.8794201620587,181.259994506836,219.149993896484,2333.97677871429,15.0,42.9,2766.894736842109,1964.6499999999985,1950.0,2528.8095238095234,2511.761904761912
584,15.05000013,42.95,15.15000013,42.85,17,199.497271378835,8.46643843238218,183.345001220703,218.511779785156,2508.50583114286,15.1,42.9,2775.526315789472,1717.8999999999965,1807.55,2732.666666666667,2651.714285714298
585,15.15000013,42.95,15.25000013,42.85,17,197.973279941413,6.99339801139341,180.739440917969,213.250091552734,2597.9969152381,15.2,42.9,3702.7368421052615,2236.0000000000027,1465.5500000000002,2821.666666666667,3570.714285714294
586,15.25000013,42.95,15.35000013,42.85,17,188.478061373035,7.70554093239677,173.631332397461,203.170562744141,2744.95240514286,15.3,42.9,2900.0526315789484,1675.6499999999974,1922.55,2965.333333333333,2712.666666666677
587,15.35000013,42.95,15.45000013,42.85,17,189.424528314008,8.79701667290311,170.059036254883,207.269515991211,2396.36572452381,15.4,42.9,3083.4736842105267,1328.849999999998,1016.3000000000002,2608.8571428571436,2910.000000000008
588,15.45000013,42.95,15.55000013,42.85,17,171.859855179985,3.21187547223721,162.192398071289,182.046691894531,2188.60581109524,15.5,42.9,1505.105263157894,1113.2999999999988,2147.55,2356.285714285714,1348.619047619046
589,15.55000013,42.95,15.65000013,42.85,17,160.49271892839,5.04002094492034,148.026184082031,173.921630859375,1700.8817945,15.6,42.9,1134.1052631578953,884.1999999999994,1792.4499999999998,1858.3809523809523,918.7142857142843
590,15.65000013,42.95,15.75000013,42.85,17,151.170695145925,5.22107134294279,139.146377563477,160.93717956543,1374.71737560476,15.7,42.9,934.6315789473676,653.799999999999,1369.1999999999998,1477.3333333333333,740.8095238095221
591,15.75000013,42.95,15.85000013,42.85,17,139.152204771837,13.6451248375167,109.093101501465,171.460708618164,1075.64418482381,15.8,42.9,1376.263157894733,735.0999999999991,629.5500000000001,1201.4761904761901,1242.2857142857106
592,15.85000013,42.95,15.95000013,42.85,17,110.701473027882,22.85031699214,50.8881645202637,159.318817138672,1018.66715703333,15.9,42.9,1714.5263157894708,1184.2999999999977,552.55,1050.904761904762,1559.1904761904732
593,15.95000013,42.95,16.05000013,42.85,17,115.129995138281,32.8717217032432,0.0,175.007690429688,1107.29750819048,16.0,42.9,916.9999999999995,427.0500000000004,616.1500000000001,1097.1904761904761,862.7142857142836
594,16.05000013,42.95,16.15000013,42.85,17,106.508290994498,12.8527579549576,74.9378356933594,142.913925170898,801.410959319048,16.1,42.9,703.5263157894735,427.5500000000004,587.75,808.0,715.1904761904744
595,16.15000013,42.95,16.25000013,42.85,17,125.166669911808,4.21540804999436,115.162017822266,137.434143066406,802.487351404762,16.2,42.9,395.2631578947351,308.60000000000065,857.85,838.2857142857142,375.80952380952345
596,16.25000013,42.95,16.35000013,42.85,17,125.134507642024,4.52777057150941,115.01065826416,134.205993652344,708.999153885714,16.3,42.9,816.4210526315792,608.6499999999994,529.1500000000001,752.7142857142857,818.9999999999991
597,16.35000013,42.95,16.45000013,42.85,17,115.643622898393,4.45258154453799,105.87825012207,123.931411743164,580.617121361905,16.4,42.9,983.1052631578948,598.4499999999982,262.79999999999995,638.8095238095237,1025.1428571428567
598,16.45000013,42.95,16.55000013,42.85,17,112.496731014715,3.27762444689116,104.261505126953,121.835266113281,533.718117257143,16.5,42.9,338.57894736841985,198.1500000000001,536.8000000000001,573.8095238095239,341.3333333333331
599,16.55000013,42.95,16.65000013,42.85,17,98.7951404756556,23.6101367408386,0.0,117.12174987793,588.148276923809,16.6,42.9,800.8947368421055,638.299999999999,414.3499999999999,565.2857142857142,829.3809523809516
600,16.65000013,42.95,16.75000013,42.85,17,45.3919407810188,45.1502744588963,0.0,113.095252990723,92.5504190904762,16.7,42.9,249.00000000000009,234.9000000000001,0.0,25.38095238095238,252.47619047619048
601,16.95000013,42.95,17.05000013,42.85,17,38.0180684064204,29.0177381630922,0.0,78.3771820068359,534.574156047619,17.0,42.9,422.4210526315789,200.6500000000001,351.29999999999995,525.1428571428572,458.95238095238085
602,17.05000013,42.95,17.15000013,42.85,17,31.5935952030506,31.4083064436126,0.0,80.6121444702148,133.123500208571,17.1,42.9,373.5263157894734,345.70000000000016,0.05,141.71428571428572,403.33333333333314
603,17.15000013,42.95,17.25000013,42.85,17,48.1055017150162,29.0184350233585,0.0,80.968635559082,224.557534869524,17.2,42.9,400.2631578947366,335.4000000000002,157.6,198.28571428571428,491.5238095238094
604,17.25000013,42.95,17.35000013,42.85,17,61.2117062894007,31.6608372605737,0.0,103.795257568359,421.566936133333,17.3,42.9,409.473684210526,204.2000000000002,137.55,427.4285714285714,446.2380952380951
605,13.95000013,42.85,14.05000013,42.75,17,11.6411721559555,4.45974376158931,0.0,22.0,45.3328778214286,14.0,42.8,67.5263157894737,67.24999999999999,0.0,0.0,62.42857142857149
606,14.05000013,42.85,14.15000013,42.75,17,31.1600243619217,11.3870254964649,14.1630001068115,60.0,498.299373371429,14.1,42.8,737.3684210526314,437.4,281.7,557.8571428571428,695.952380952381
607,14.15000013,42.85,14.25000013,42.75,17,67.4648196271195,8.91165166854957,40.1500015258789,83.3499984741211,1053.36202387143,14.2,42.8,1024.6315789473688,745.1000000000001,836.35,1180.3809523809523,1052.6190476190475
608,14.25000013,42.85,14.35000013,42.75,17,88.2440507837997,4.94028038245751,75.25,98.0999984741211,970.942839661905,14.3,42.8,984.0526315789484,833.7999999999995,904.6,1059.5238095238096,1021.6666666666658
609,14.35000013,42.85,14.45000013,42.75,17,106.502167616513,6.26367392445339,94.4000015258789,129.350006103516,971.554031452381,14.4,42.8,1951.7894736842088,1385.2999999999977,547.4000000000001,1060.9047619047622,1845.5238095238076
610,14.45000013,42.85,14.55000013,42.75,17,149.992889963884,27.7074440436962,113.239288330078,211.804992675781,1494.1685142619,14.5,42.8,4107.789473684214,3223.9000000000065,591.15,1604.0952380952378,4343.380952380967
611,14.55000013,42.85,14.65000013,42.75,17,197.224624191363,23.2634819753715,151.164993286133,232.304992675781,2560.60190413333,14.6,42.8,2589.1052631578978,1526.0499999999956,1738.5,2792.809523809524,2652.619047619054
612,14.65000013,42.85,14.75000013,42.75,17,211.48050410641,21.2912551525059,171.595001220703,258.070007324219,2558.02680014762,14.7,42.8,3148.263157894735,1799.2999999999977,1499.15,2790.1428571428573,3118.9047619047687
613,14.75000013,42.85,14.85000013,42.75,17,218.014420553581,14.1332453761359,194.244995117188,257.859985351562,2259.09795033333,14.8,42.8,3228.631578947369,1932.549999999997,1245.8,2436.666666666667,3160.5238095238187
614,14.85000013,42.85,14.95000013,42.75,17,223.175181508474,6.07674956143563,209.875,236.804992675781,1511.74778504762,14.9,42.8,2375.4736842105294,1776.1999999999964,1150.05,1628.3333333333335,2321.190476190485
615,14.95000013,42.85,15.05000013,42.75,17,210.441804241888,5.54946988809268,197.550003051758,223.535003662109,1856.47286167143,15.0,42.8,2150.6842105263163,1545.9499999999975,1497.4499999999998,2024.8095238095236,2075.0476190476247
616,15.05000013,42.85,15.15000013,42.75,17,185.466796675089,9.21822633097571,162.25,205.235000610352,2179.95111635238,15.1,42.8,2435.526315789476,1695.999999999999,1741.2,2343.2380952380954,2330.142857142869
617,15.15000013,42.85,15.25000013,42.75,17,172.477870329958,12.6906743614297,145.149993896484,188.449996948242,2311.85152208095,15.2,42.8,3280.999999999995,2525.450000000004,1793.85,2509.5714285714284,3166.428571428579
618,15.25000013,42.85,15.35000013,42.75,17,168.515412622301,12.3363375626615,144.899993896484,188.062789916992,2288.83349452381,15.3,42.8,3494.4736842105267,2467.0000000000045,1568.3,2481.5714285714284,3263.476190476198
619,15.35000013,42.85,15.45000013,42.75,17,168.565846325196,7.30780745908636,150.850006103516,184.83984375,2045.43341978095,15.4,42.8,1994.4736842105217,1308.6999999999991,1650.4500000000005,2212.0,1833.0952380952376
620,15.45000013,42.85,15.55000013,42.75,17,165.724645719495,3.46061512469097,159.5,174.300003051758,1786.66425771905,15.5,42.8,1600.1052631578912,1212.0499999999984,1685.25,1964.1904761904761,1448.523809523807
621,15.55000013,42.85,15.65000013,42.75,17,163.807920755799,2.6766044627523,155.777648925781,171.977844238281,1648.23929318571,15.6,42.8,985.8421052631584,809.2499999999995,1733.2000000000005,1786.8571428571427,898.9999999999997
622,15.65000013,42.85,15.75000013,42.75,17,166.577843487468,6.53621203741365,155.054046630859,187.446182250977,1832.6907461381,15.7,42.8,1919.7368421052608,657.6999999999985,914.25,1997.904761904762,1702.2380952380915
623,15.75000013,42.85,15.85000013,42.75,17,163.714984453011,8.56512523376184,132.486114501953,178.344192504883,1759.25776207143,15.8,42.8,1423.5789473684183,665.6999999999987,1279.75,1935.4285714285716,1299.9999999999964
624,15.85000013,42.85,15.95000013,42.75,17,136.671706504428,25.8497422988201,79.9992752075195,174.202423095703,1400.38782272857,15.9,42.8,1286.894736842101,923.4999999999986,1190.6999999999998,1428.8095238095236,1147.9523809523755
625,15.95000013,42.85,16.05000013,42.75,17,154.072181337887,14.0336443533728,83.1935653686523,175.932556152344,1860.54803160476,16.0,42.8,802.6842105263158,422.6500000000005,1645.25,1914.0476190476193,710.6190476190459
626,16.05000013,42.85,16.15000013,42.75,17,150.931354615287,9.8640126339729,116.572708129883,165.141891479492,1891.3422167619,16.1,42.8,797.8421052631579,452.3500000000008,1754.7000000000005,2007.095238095238,716.1904761904734
627,16.15000013,42.85,16.25000013,42.75,17,142.611626382546,10.6058964207367,122.831512451172,160.287841796875,1439.19223898095,16.2,42.8,535.5789473684204,412.4000000000004,1472.8,1511.9523809523812,495.2857142857139
628,16.25000013,42.85,16.35000013,42.75,17,136.874331814317,10.6708374083622,120.854698181152,155.142333984375,1223.8121708,16.3,42.8,1654.105263157892,947.499999999999,676.9499999999999,1325.7142857142856,1613.4761904761874
629,16.35000013,42.85,16.45000013,42.75,17,120.468756577403,5.00665632003698,104.000938415527,130.173400878906,865.544221461905,16.4,42.8,1405.8947368421025,874.5499999999993,442.9,915.5714285714286,1363.047619047617
630,16.45000013,42.85,16.55000013,42.75,17,100.715899808044,42.0422620373852,0.0,136.514831542969,749.042848038095,16.5,42.8,1323.0526315789448,1029.0999999999992,386.65,716.2380952380952,1251.8571428571404
631,16.55000013,42.85,16.65000013,42.75,17,114.210699201859,11.5576270968949,46.6875,139.319274902344,671.45051572381,16.6,42.8,618.368421052632,331.85000000000065,395.6,692.809523809524,592.285714285713
632,16.65000013,42.85,16.75000013,42.75,17,83.1807181500538,25.9320025249398,0.0,115.950157165527,628.716879195238,16.7,42.8,558.5263157894742,325.55000000000047,431.80000000000007,619.3809523809523,538.3333333333328
633,16.75000013,42.85,16.85000013,42.75,17,62.3406310333419,36.0937163542218,0.0,100.936981201172,676.737912195238,16.8,42.8,620.6315789473681,309.7000000000004,356.85,653.5238095238095,581.619047619047
634,16.85000013,42.85,16.95000013,42.75,17,45.5077871941926,30.8985071628316,0.0,93.278205871582,653.654219776191,16.9,42.8,610.8947368421052,237.00000000000017,312.75,630.0952380952381,538.0952380952378
635,16.95000013,42.85,17.05000013,42.75,17,47.0758926508583,24.3594703426647,0.0,98.801399230957,152.437121080476,17.0,42.8,484.6315789473677,420.8000000000004,81.75,152.76190476190476,480.5714285714282
636,17.05000013,42.85,17.15000013,42.75,17,60.7768313601187,21.4668861830539,0.0,83.213020324707,596.74095792381,17.1,42.8,390.263157894736,368.8500000000005,555.0,551.1904761904761,421.2380952380948
637,17.15000013,42.85,17.25000013,42.75,17,81.4435905801881,13.3602487052768,1.4453125,109.447547912598,609.781972890476,17.2,42.8,456.1578947368412,322.1500000000005,484.4500000000001,585.7142857142858,453.23809523809484
638,17.25000013,42.85,17.35000013,42.75,17,72.5513294197337,28.9991554470749,0.0,117.295455932617,531.032963209524,17.3,42.8,540.789473684211,310.90000000000043,332.6,507.04761904761904,543.47619047619
639,17.35000013,42.85,17.45000013,42.75,17,38.8412985956789,38.3524868877375,0.0,94.1977615356445,76.8613157914286,17.4,42.8,383.0526315789469,396.4000000000004,0.0,11.047619047619047,388.9523809523807
640,17.45000013,42.85,17.55000013,42.75,17,50.9051608744356,36.2746955769399,0.0,102.311706542969,568.127409280952,17.5,42.8,402.1052631578947,181.8500000000001,320.19999999999993,494.4761904761905,401.047619047619
641,17.55000013,42.85,17.65000013,42.75,17,43.2395401500754,33.3503514254175,0.0,116.58472442627,628.241132038095,17.6,42.8,749.5263157894739,306.1,107.84999999999998,541.2857142857142,720.7619047619047
642,14.05000013,42.75,14.15000013,42.65,17,17.6998653591921,4.68771545681024,5.84999990463257,39.5999984741211,55.9976762214286,14.1,42.7,258.42105263157873,254.75000000000017,0.0,0.0,241.61904761904762
643,14.15000013,42.75,14.25000013,42.65,17,49.590939519306,14.495550693357,19.3910007476807,74.9499969482422,863.043219109524,14.2,42.7,1181.052631578946,905.2,657.1,915.9047619047617,1160.2380952380956
644,14.25000013,42.75,14.35000013,42.65,17,80.2179091816975,6.71574806165403,60.1500015258789,94.0500030517578,1059.22555481429,14.3,42.7,1129.210526315789,932.4999999999995,917.5,1187.5238095238096,1206.6190476190466
645,14.35000013,42.75,14.45000013,42.65,17,100.073437583115,6.24381548575435,84.6500015258789,112.099998474121,1064.72847633333,14.4,42.7,1641.7368421052604,1419.7999999999986,905.4,1195.8095238095236,1663.3333333333312
646,14.45000013,42.75,14.55000013,42.65,17,123.824604182608,10.2727747925021,106.199996948242,150.880004882812,1368.18185096667,14.5,42.7,3785.8421052631606,3000.550000000004,725.5999999999999,1472.5714285714284,3613.4761904762017
647,14.55000013,42.75,14.65000013,42.65,17,152.511306130224,8.80577730476551,130.300003051758,172.854995727539,2165.91845975238,14.6,42.7,2573.2105263157905,1970.2999999999977,1728.15,2326.952380952381,2629.952380952393
648,14.65000013,42.75,14.75000013,42.65,17,173.807236389981,8.24167573613894,155.5,193.860000610352,2715.28670595238,14.7,42.7,2995.8421052631616,1869.199999999997,1854.05,2934.0476190476193,3013.142857142866
649,14.75000013,42.75,14.85000013,42.65,17,194.114266773065,7.13104355125012,176.149993896484,209.505004882812,2357.01482461905,14.8,42.7,2715.1052631578946,1685.7499999999982,1674.4,2558.9523809523807,2717.7142857142976
650,14.85000013,42.75,14.95000013,42.65,17,206.46567606926,4.4630732376372,193.050003051758,215.050003051758,1699.32615425714,14.9,42.7,1817.5263157894703,1421.499999999998,1536.25,1856.2857142857142,1805.2857142857115
651,14.95000013,42.75,15.05000013,42.65,17,202.010818196668,4.603752131435,189.600006103516,213.0,1609.46030908095,15.0,42.7,1813.052631578945,1392.8,1420.1,1736.1904761904761,1808.4285714285681
652,15.05000013,42.75,15.15000013,42.65,17,179.272141668532,7.95421593723703,161.610000610352,212.139999389648,1855.49953219524,15.1,42.7,2174.6315789473706,1252.649999999999,1163.0,2022.9047619047622,2117.2857142857238
653,15.15000013,42.75,15.25000013,42.65,17,152.809087455273,7.85562376821216,136.199996948242,167.5,1632.02586233333,15.2,42.7,1533.4736842105222,1270.099999999997,1583.15,1769.142857142857,1498.7619047619032
654,15.25000013,42.75,15.35000013,42.65,17,135.743701171544,5.02261802800482,127.099998474121,150.25,1367.98075315238,15.3,42.7,2586.473684210527,2222.55,1203.55,1472.7619047619046,2384.6190476190554
655,15.35000013,42.75,15.45000013,42.65,17,139.896337966952,12.0882117734671,122.650001525879,161.0,1373.6954683381,15.4,42.7,2563.47368421053,1918.7999999999968,943.25,1477.952380952381,2325.761904761916
656,15.45000013,42.75,15.55000013,42.65,17,148.528781521651,8.13492593217867,126.349998474121,161.0,1278.59786312857,15.5,42.7,1566.421052631576,1319.799999999998,1229.7500000000002,1396.047619047619,1380.8095238095202
657,15.55000013,42.75,15.65000013,42.65,17,148.865386335386,7.20883121705831,136.399993896484,161.850006103516,1226.9953306,15.6,42.7,1350.6315789473656,1039.7999999999988,1108.85,1347.4761904761906,1199.9999999999961
658,15.65000013,42.75,15.75000013,42.65,17,153.055899896556,7.83508456827613,137.300003051758,163.449996948242,1504.52113342857,15.7,42.7,1556.4210526315758,1271.8499999999965,1374.5500000000002,1618.9523809523807,1439.7142857142808
659,15.75000013,42.75,15.85000013,42.65,17,159.000049791402,7.19078306878019,141.649993896484,174.109375,1926.15968706667,15.8,42.7,1542.7894736842063,1076.3499999999992,1687.6,2084.238095238095,1503.5238095238044
660,15.85000013,42.75,15.95000013,42.65,17,162.239448638426,14.5085702823698,100.0,180.0,2436.88160480952,15.9,42.7,1122.3684210526287,885.5499999999982,2486.0,2626.714285714286,1087.4761904761867
661,15.95000013,42.75,16.05000013,42.65,17,168.732127249241,6.44773224689062,138.899993896484,180.0,2648.3331322381,16.0,42.7,650.7368421052623,422.4000000000009,2778.55,2845.714285714286,582.5238095238077
662,16.05000013,42.75,16.15000013,42.65,17,158.832689017057,10.6300364896106,133.917984008789,181.395446777344,2399.59522795238,16.1,42.7,1392.3684210526274,774.7499999999986,2061.45,2577.333333333333,1348.571428571423
663,16.15000013,42.75,16.25000013,42.65,17,161.840803136428,14.0631839601621,134.194961547852,196.950897216797,2342.3817687619,16.2,42.7,1713.5789473684172,896.2499999999985,1812.95,2495.3809523809523,1646.5714285714228
664,16.25000013,42.75,16.35000013,42.65,17,164.696436925895,20.0414483755978,122.146453857422,202.1767578125,2032.01828895238,16.3,42.7,1545.4736842105212,885.5499999999987,1638.45,2132.904761904762,1444.238095238092
665,16.35000013,42.75,16.45000013,42.65,17,130.623885477583,23.1109571665751,103.858688354492,183.066772460938,1072.51871467143,16.4,42.7,2353.473684210528,1756.2499999999986,586.9,1151.047619047619,2203.428571428582
666,16.45000013,42.75,16.55000013,42.65,17,125.560992374085,36.6436598928812,0.0,174.285949707031,1236.7615938,16.5,42.7,1191.1578947368398,720.6499999999993,753.7,1161.1904761904761,1147.428571428569
667,16.55000013,42.75,16.65000013,42.65,17,132.03936439587,13.6802710283427,22.625,154.134323120117,845.785164433333,16.6,42.7,411.6842105263144,230.60000000000056,671.9,770.8571428571428,379.47619047619
668,16.65000013,42.75,16.75000013,42.65,17,123.486364391425,31.1054716731958,0.0,148.260391235352,868.068427857143,16.7,42.7,707.052631578948,581.0999999999985,750.7,792.0952380952381,654.3809523809512
669,16.75000013,42.75,16.85000013,42.65,17,98.9471040220621,46.1100459832973,0.0,147.968597412109,893.667747728571,16.8,42.7,815.5789473684212,623.1499999999983,735.5,836.5238095238094,784.9047619047603
670,16.85000013,42.75,16.95000013,42.65,17,88.6465093126107,55.248012827496,0.0,142.072250366211,1064.25077239048,16.9,42.7,1116.8947368421016,816.0499999999978,757.05,1031.2857142857142,1032.4761904761888
671,16.95000013,42.75,17.05000013,42.65,17,116.157349353863,20.2298014957787,14.99609375,140.177291870117,1247.56544339048,17.0,42.7,1259.8421052631516,891.6999999999983,909.65,1169.238095238095,1184.571428571426
672,17.05000013,42.75,17.15000013,42.65,17,109.656379247449,16.3906582346497,22.29296875,134.662872314453,1171.68927261905,17.1,42.7,632.8421052631575,455.40000000000055,957.2,1059.5238095238096,593.2857142857125
673,17.15000013,42.75,17.25000013,42.65,17,117.651372514665,9.0130161963162,69.43359375,141.195953369141,929.42803492381,17.2,42.7,849.2631578947371,644.8999999999985,786.45,897.1428571428571,789.476190476189
674,17.25000013,42.75,17.35000013,42.65,17,122.45171034005,8.8833708869488,90.2265625,141.270935058594,769.637118780952,17.3,42.7,842.8421052631576,622.9999999999973,544.2,741.5714285714286,774.1904761904746
675,17.35000013,42.75,17.45000013,42.65,17,108.347952361219,29.7495822139314,0.0,142.342758178711,739.503037857143,17.4,42.7,742.3684210526314,631.7499999999976,525.1500000000001,632.1428571428571,683.6190476190463
676,17.45000013,42.75,17.55000013,42.65,17,85.8497716768955,46.9660600974961,0.0,141.410522460938,831.849237247619,17.5,42.7,802.4210526315787,589.3999999999972,549.15,716.4761904761904,776.1904761904748
677,17.55000013,42.75,17.65000013,42.65,17,66.8850176715189,55.4133481927351,0.0,134.313583374023,873.907240480952,17.6,42.7,738.5789473684218,565.4499999999981,556.95,694.6190476190475,719.1428571428559
678,17.75000013,42.75,17.85000013,42.65,17,74.8247637664382,34.8730592121337,0.0,126.633750915527,964.285907095238,17.8,42.7,438.5789473684201,114.84999999999992,485.4,793.8571428571429,428.8571428571426
679,14.15000013,42.65,14.25000013,42.55,17,25.0375416266421,10.2647335241653,10.1999998092651,59.5,330.092963452381,14.2,42.6,792.9999999999998,503.4000000000002,105.55,405.047619047619,754.8571428571425
680,14.25000013,42.65,14.35000013,42.55,17,61.8805060289386,13.8494151796571,22.5459995269775,84.3000030517578,1026.32284758571,14.3,42.6,1430.4736842105256,1289.2499999999995,863.4,1143.6190476190475,1495.9047619047606
681,14.35000013,42.65,14.45000013,42.55,17,88.1051448070341,7.33147782383995,67.6959991455078,105.949996948242,1105.3725257381,14.4,42.6,1318.3684210526303,1077.0999999999997,915.1,1230.9047619047617,1357.4761904761885
682,14.45000013,42.65,14.55000013,42.55,17,108.729083455271,7.85363296709394,90.2992935180664,129.800003051758,1284.85916365238,14.5,42.6,3429.6842105263186,2909.900000000004,846.4499999999999,1399.5714285714284,3339.8095238095316
683,14.55000013,42.65,14.65000013,42.55,17,131.317149615122,9.16354948919576,110.550003051758,155.300003051758,1635.44915548571,14.6,42.6,2742.1578947368444,2210.750000000008,1248.3,1775.9523809523807,2722.9523809523876
684,14.65000013,42.65,14.75000013,42.55,17,154.856765379508,9.4781132199574,131.899993896484,175.699996948242,2114.4684355381,14.7,42.6,2921.894736842102,2116.100000000004,1487.4,2281.714285714286,2977.7142857142962
685,14.75000013,42.65,14.85000013,42.55,17,173.313384350803,8.90796854927314,151.949996948242,192.699996948242,2060.13317456667,14.8,42.6,2300.789473684212,1576.099999999997,1495.2999999999995,2229.4761904761904,2411.809523809533
686,14.85000013,42.65,14.95000013,42.55,17,185.993370271391,8.46802356345189,166.5,200.899993896484,1730.59573317143,14.9,42.6,1899.157894736838,1426.2999999999968,1460.25,1913.8095238095239,1962.1428571428548
687,14.95000013,42.65,15.05000013,42.55,17,189.003108900454,6.48099331949721,175.300003051758,201.350006103516,1596.68563700476,15.0,42.6,1669.7368421052606,1259.4999999999975,1382.0,1721.5714285714284,1695.4761904761863
688,15.05000013,42.65,15.15000013,42.55,17,175.402842914065,6.1882111343619,166.300003051758,192.699996948242,1697.15809931429,15.1,42.6,1596.894736842104,951.7999999999988,1291.9,1850.333333333333,1590.85714285714
689,15.15000013,42.65,15.25000013,42.55,17,160.58934474157,3.91902257305176,150.899993896484,168.0,1673.4106891619,15.2,42.6,1074.6315789473665,826.3999999999984,1661.15,1814.7142857142856,1068.333333333331
690,15.25000013,42.65,15.35000013,42.55,17,145.35769326157,6.86191093700914,127.199996948242,155.050003051758,1485.69448029048,15.3,42.6,1080.9473684210488,908.2999999999986,1492.85,1598.8095238095239,1152.190476190473
691,15.35000013,42.65,15.45000013,42.55,17,125.600412430863,7.72187487226435,115.0,143.100006103516,1010.2793651381,15.4,42.6,1439.105263157891,1121.149999999999,837.5500000000001,1123.1904761904761,1336.7142857142821
692,15.45000013,42.65,15.55000013,42.55,17,122.584933867885,5.07614969293948,115.0,137.449996948242,880.737147090476,15.5,42.6,1320.4210526315762,1007.9999999999987,802.45,935.4761904761903,1124.2380952380915
693,15.55000013,42.65,15.65000013,42.55,17,123.507883157167,4.72260556076353,120.0,136.899993896484,865.209252395238,15.6,42.6,996.2105263157893,633.9499999999982,678.6000000000001,920.904761904762,849.6666666666654
694,15.65000013,42.65,15.75000013,42.55,17,125.368142482307,5.87231998975202,120.0,141.300003051758,985.171978423809,15.7,42.6,1272.6842105263108,835.3999999999979,688.7500000000001,1079.2857142857144,1097.2857142857097
695,15.75000013,42.65,15.85000013,42.55,17,134.176562541061,4.83479804371602,122.25,146.5,1352.41298261429,15.8,42.6,1299.7894736842077,942.4999999999987,1174.4,1450.5714285714284,1132.9999999999955
696,15.85000013,42.65,15.95000013,42.55,17,132.22025292284,3.78716050073819,111.150001525879,146.199996948242,1553.25504241429,15.9,42.6,1463.3684210526285,1262.8499999999965,1550.6,1659.1904761904761,1389.1904761904705
697,15.95000013,42.65,16.05000013,42.55,17,138.241986790879,23.6223208675367,59.0,180.0,2506.68446233333,16.0,42.6,2675.105263157896,1851.4999999999968,1985.8,2624.5714285714284,2371.9523809523957
698,16.05000013,42.65,16.15000013,42.55,17,153.809984394246,15.4759515905491,106.300003051758,192.70573425293,2347.1292737619,16.1,42.6,2212.368421052633,1280.2499999999968,1692.4999999999995,2492.0952380952385,2072.476190476202
699,16.15000013,42.65,16.25000013,42.55,17,178.56650624507,6.64750942764819,148.98828125,197.01399230957,2858.68181333333,16.2,42.6,3756.105263157895,2675.250000000008,1976.35,3051.523809523809,3783.904761904776
700,16.25000013,42.65,16.35000013,42.55,17,192.497984826565,5.89914930952209,177.070861816406,203.161041259766,2361.877157,16.3,42.6,742.3157894736845,619.7999999999981,2567.35,2539.2380952380954,658.8571428571407
701,16.35000013,42.65,16.45000013,42.55,17,186.096952446633,5.92379985448615,172.060272216797,204.253570556641,1821.45925800952,16.4,42.6,800.0,625.7999999999985,1932.25,1962.0476190476193,711.2380952380931
702,16.45000013,42.65,16.55000013,42.55,17,178.971213645405,12.110105786025,153.050003051758,195.164459228516,1482.69100962857,16.5,42.6,1419.421052631576,983.449999999998,1278.05,1553.809523809524,1298.666666666664
703,16.55000013,42.65,16.65000013,42.55,17,164.88795324001,8.75014717850369,148.964736938477,185.874877929688,1241.60210896667,16.6,42.6,2014.6842105263104,1319.6499999999962,763.65,1309.4761904761906,1887.1428571428532
704,16.65000013,42.65,16.75000013,42.55,17,157.597054094076,6.14183844404334,144.2578125,170.265106201172,1160.61248313333,16.7,42.6,1192.1052631578902,1027.7999999999977,1165.4,1174.5714285714284,1046.4285714285686
705,16.75000013,42.65,16.85000013,42.55,17,153.308916317092,5.58750465656413,138.966690063477,163.255477905273,1329.82311488571,16.8,42.6,520.6842105263148,462.8500000000009,1297.35,1248.095238095238,432.6190476190469
706,16.85000013,42.65,16.95000013,42.55,17,149.334964321719,6.08485129738021,137.210540771484,162.216339111328,1694.65309827619,16.9,42.6,938.57894736842,858.6999999999978,1636.0000000000002,1588.8095238095239,834.7142857142828
707,16.95000013,42.65,17.05000013,42.55,17,155.248369834489,10.2614899267692,130.666809082031,172.992294311523,2479.36570666667,17.0,42.6,3401.052631578952,2821.6500000000115,1883.95,2292.428571428571,3186.3333333333508
708,17.05000013,42.65,17.15000013,42.55,17,158.996735964444,15.2414185813607,121.003715515137,188.44841003418,2620.90143457143,17.1,42.6,2962.8947368421086,2436.2000000000103,1915.5,2288.047619047619,2821.142857142876
709,17.15000013,42.65,17.25000013,42.55,17,164.996192637417,19.8341799655192,130.964508056641,208.465057373047,2142.5415365,17.2,42.6,1918.5789473684151,1294.7999999999956,1454.65,1931.3809523809523,1763.5238095238055
710,17.25000013,42.65,17.35000013,42.55,17,164.790698081255,17.3691513176547,138.604705810547,210.508224487305,1636.21309269524,17.3,42.6,2130.157894736841,1408.649999999995,964.5,1522.857142857143,1964.3333333333292
711,17.35000013,42.65,17.45000013,42.55,17,169.697831175394,19.7520093924404,140.474578857422,218.674896240234,1679.67438568095,17.4,42.6,1804.31578947368,1154.6999999999962,998.55,1535.3333333333333,1637.9999999999952
712,17.45000013,42.65,17.55000013,42.55,17,168.745726446311,18.0845929849495,133.984252929688,216.93098449707,1790.16428587143,17.5,42.6,1696.8421052631531,1005.349999999998,1028.0,1625.3809523809523,1608.1428571428532
713,17.55000013,42.65,17.65000013,42.55,17,164.209909584787,18.4075532868742,131.84358215332,212.621017456055,1928.1419322381,17.6,42.6,1362.4736842105197,881.7499999999972,1240.25,1651.904761904762,1256.476190476187
714,17.65000013,42.65,17.75000013,42.55,17,159.955828194817,19.522362365099,123.958122253418,212.297836303711,2241.79633434762,17.7,42.6,1373.157894736837,873.3999999999983,1532.3,1909.5238095238096,1272.4761904761858
715,17.75000013,42.65,17.85000013,42.55,17,150.339814199342,19.3296543831628,116.076248168945,198.396896362305,2330.84353678095,17.8,42.6,1577.7894736842063,909.7499999999982,1554.35,2122.857142857143,1485.1428571428548
716,17.85000013,42.65,17.95000013,42.55,17,137.067933277641,17.8672850946404,10.3268756866455,177.576873779297,2273.94881684286,17.9,42.6,1090.6315789473645,815.5999999999984,1648.9499999999998,1850.3809523809523,1033.5714285714257
717,17.95000013,42.65,18.05000013,42.55,17,120.276586488336,19.0882300900561,0.0,158.541870117188,1985.44735715714,18.0,42.6,589.5789473684209,340.40000000000106,1487.7,1648.8095238095239,560.714285714284
718,18.05000013,42.65,18.15000013,42.55,17,91.6072602142683,39.0867035230464,0.0,132.896881103516,1729.26440991905,18.1,42.6,567.1578947368426,229.00000000000043,1151.3,1455.142857142857,518.9999999999994
719,14.25000013,42.55,14.35000013,42.45,17,26.4352003036119,12.7420076359919,3.04999995231628,67.3280029296875,97.0556408028571,14.3,42.5,232.52631578947387,208.4000000000001,0.0,37.047619047619044,230.3333333333332
720,14.35000013,42.55,14.45000013,42.45,17,62.4139587117566,16.9653948386287,21.7999992370605,90.0139999389648,1066.15157469048,14.4,42.5,1008.4736842105256,742.2499999999992,868.65,1192.2857142857142,1012.4761904761899
721,14.45000013,42.55,14.55000013,42.45,17,89.0030578167902,8.86058891724617,61.6539993286133,109.949996948242,1213.17895848095,14.5,42.5,1447.210526315787,1100.7999999999977,1005.6,1331.3333333333333,1461.6190476190466
722,14.55000013,42.55,14.65000013,42.45,17,107.250248738461,9.35566602553819,85.5139999389648,130.899993896484,1294.50325377619,14.6,42.5,1630.1578947368396,1214.3999999999985,1008.25,1410.3333333333333,1660.1428571428548
723,14.65000013,42.55,14.75000013,42.45,17,125.821571249101,11.1095494682395,102.099998474121,151.600006103516,1350.09603279048,14.7,42.5,1490.4210526315778,1070.1999999999985,1062.65,1452.619047619048,1555.1428571428553
724,14.75000013,42.55,14.85000013,42.45,17,142.236371649636,10.9588174634625,117.0,166.050003051758,1407.88360150476,14.8,42.5,2157.894736842106,1721.0499999999968,1067.3499999999997,1511.6190476190473,2243.3333333333426
725,14.85000013,42.55,14.95000013,42.45,17,156.580805207292,8.81888970064785,134.899993896484,175.300003051758,1441.36649094762,14.9,42.5,1899.9473684210493,1517.2999999999963,1127.45,1548.7142857142856,1963.8095238095225
726,14.95000013,42.55,15.05000013,42.45,17,163.394395627909,7.74204780836871,149.0,177.649993896484,1473.36456928095,15.0,42.5,1681.1578947368382,1240.2499999999968,1204.7499999999998,1591.2380952380954,1684.999999999998
727,15.05000013,42.55,15.15000013,42.45,17,162.764024651713,5.13150540428367,153.149993896484,174.949996948242,1533.18950399048,15.1,42.5,1896.3157894736792,1267.2999999999986,1074.0,1653.3809523809525,1891.285714285712
728,15.15000013,42.55,15.25000013,42.45,17,157.908338836498,2.98501247042562,151.949996948242,166.149993896484,1570.60805137143,15.2,42.5,1294.7368421052597,836.5499999999981,1352.75,1695.9523809523807,1254.3809523809505
729,15.25000013,42.55,15.35000013,42.45,17,151.566834870312,2.20483337181409,143.399993896484,155.5,1462.70658532381,15.3,42.5,905.4736842105264,826.0499999999982,1629.7,1574.7619047619048,889.4761904761885
730,15.35000013,42.55,15.45000013,42.45,17,144.972244065669,3.94400921673694,132.550003051758,150.699996948242,1249.13399318571,15.4,42.5,891.6315789473684,773.2999999999987,1390.9499999999998,1367.047619047619,843.7142857142853
731,15.45000013,42.55,15.55000013,42.45,17,138.296940222383,5.25188759178456,122.800003051758,148.5,1036.28648568571,15.5,42.5,863.0526315789474,674.7499999999983,1011.7499999999998,1163.904761904762,822.0952380952372
732,15.55000013,42.55,15.65000013,42.45,17,132.831206767095,6.17989559203241,120.0,143.149993896484,940.013362771429,15.6,42.5,682.1052631578947,505.2000000000007,974.25,1019.809523809524,618.3809523809516
733,15.65000013,42.55,15.75000013,42.45,17,129.4704714285,4.72364242076824,120.0,138.850006103516,925.892426766667,15.7,42.5,462.9473684210512,365.5000000000007,1016.85,996.7142857142859,447.28571428571405
734,15.75000013,42.55,15.85000013,42.45,17,127.361358725362,9.14941488556126,70.5,150.860000610352,1042.8600288381,15.8,42.5,687.157894736841,468.45000000000056,952.6,1158.142857142857,640.9999999999986
735,15.85000013,42.55,15.95000013,42.45,17,129.982462835809,3.31246011282398,109.069999694824,132.649993896484,1200.03157438571,15.9,42.5,326.4736842105248,294.70000000000056,1364.6,1306.0000000000002,298.571428571428
736,15.95000013,42.55,16.05000013,42.45,17,126.947683098416,9.18445054479751,77.1999969482422,134.0546875,1362.78575241429,16.0,42.5,420.9999999999981,380.2000000000007,1450.8,1410.5238095238094,374.4285714285708
737,16.05000013,42.55,16.15000013,42.45,17,138.042746051318,9.4879494028286,104.5,161.980102539062,1597.72496306667,16.1,42.5,1614.2631578947307,1044.8999999999965,1231.35,1682.2857142857144,1390.571428571423
738,16.15000013,42.55,16.25000013,42.45,17,165.715449990498,7.8575085881734,135.360595703125,187.774749755859,2030.35779038095,16.2,42.5,3935.3157894736814,3290.100000000009,1447.9,2155.1428571428573,3859.5238095238224
739,16.25000013,42.55,16.35000013,42.45,17,182.206231943435,6.23751396134493,170.993698120117,197.225601196289,1916.41084985714,16.3,42.5,996.3684210526312,860.4999999999982,2064.25,2050.523809523809,888.1428571428548
740,16.35000013,42.55,16.45000013,42.45,17,197.315735103356,9.69183565480743,175.158615112305,213.238922119141,1384.48921981905,16.4,42.5,967.8947368421047,767.9999999999974,1395.0,1474.1904761904766,874.1428571428539
741,16.45000013,42.55,16.55000013,42.45,17,198.912907295757,9.48971342330209,179.0078125,220.158920288086,1239.9555054381,16.5,42.5,716.2631578947367,467.9500000000013,1223.15,1341.7142857142858,648.142857142855
742,16.55000013,42.55,16.65000013,42.45,17,184.228684653838,15.5263553759205,163.835540771484,219.988815307617,1157.04173573333,16.6,42.5,1063.9999999999973,667.2999999999976,954.35,1219.428571428571,976.6190476190449
743,16.65000013,42.55,16.75000013,42.45,17,173.279800102115,14.183017500746,153.873977661133,219.408554077148,1228.89350099048,16.7,42.5,1257.2631578947323,743.9499999999972,831.6000000000001,1219.428571428571,1162.5238095238042
744,16.75000013,42.55,16.85000013,42.45,17,169.083446322216,12.4072708425768,150.825073242188,197.233062744141,1859.02513501429,16.8,42.5,808.4736842105248,728.9999999999981,1624.9,1592.4761904761906,718.9999999999972
745,16.85000013,42.55,16.95000013,42.45,17,177.181836724281,17.6483359942727,155.888793945312,234.497360229492,2637.64597747619,16.9,42.5,1831.6315789473624,855.3499999999985,1564.6999999999998,2393.523809523809,1721.0476190476136
746,16.95000013,42.55,17.05000013,42.45,17,195.915638610721,26.9455498498973,156.457077026367,272.582855224609,3797.97593528571,17.0,42.5,881.5263157894725,494.0500000000006,2738.05,2960.190476190476,783.428571428569
747,17.05000013,42.55,17.15000013,42.45,17,248.86412830615,68.5270896554554,167.532333374023,516.950012207031,2020.94312425714,17.1,42.5,317.9473684210514,282.5000000000007,1326.15,1300.3333333333333,259.9999999999997
748,17.15000013,42.55,17.25000013,42.45,17,298.094235183464,91.8116786951384,189.402587890625,537.5,818.115833833333,17.2,42.5,310.21052631578823,282.2000000000007,535.75,495.04761904761904,251.38095238095198
749,17.25000013,42.55,17.35000013,42.45,17,315.758014326294,109.819152066406,187.937026977539,630.650024414062,470.674924385714,17.3,42.5,310.4210526315773,279.3500000000006,262.04999999999995,296.23809523809524,259.52380952380923
750,17.35000013,42.55,17.45000013,42.45,17,334.461654040549,120.983151948752,189.708755493164,641.5,397.295284280952,17.4,42.5,325.3684210526296,295.95000000000067,185.30000000000004,254.0,269.71428571428544
751,17.45000013,42.55,17.55000013,42.45,17,306.319959142142,80.3136218574251,200.838684082031,594.849975585938,334.5479789,17.5,42.5,343.21052631578755,314.7000000000009,183.9,214.28571428571428,288.523809523809
752,17.55000013,42.55,17.65000013,42.45,17,263.457047558493,43.8928428776467,190.530639648438,352.600006103516,680.222608138095,17.6,42.5,376.9473684210503,338.5000000000012,363.55,387.66666666666663,318.47619047619014
753,17.65000013,42.55,17.75000013,42.45,17,257.261317340864,40.6237725504733,190.567443847656,366.7578125,1302.95703612381,17.7,42.5,400.5789473684191,359.8500000000004,749.55,738.2380952380953,340.04761904761824
754,17.75000013,42.55,17.85000013,42.45,17,238.831277454893,43.3282349722508,178.32063293457,384.7421875,2698.0949730381,17.8,42.5,657.8947368421065,477.7000000000011,1593.55,1686.5238095238096,564.2380952380926
755,17.85000013,42.55,17.95000013,42.45,17,222.286178827286,36.6812794433913,159.452499389648,307.158905029297,3505.12384657143,17.9,42.5,1110.7894736842056,629.6499999999978,2020.9,2383.904761904762,1003.0952380952355
756,17.95000013,42.55,18.05000013,42.45,17,202.475649692946,42.9644412231138,133.586883544922,287.217132568359,4570.59401838095,18.0,42.5,1346.7894736842072,585.9499999999971,2853.6,3485.476190476191,1190.6190476190427
757,18.05000013,42.55,18.15000013,42.45,17,167.39344529642,36.3594459197564,119.126251220703,269.165832519531,3696.21038,18.1,42.5,1851.8947368421,678.5999999999976,2244.5,3287.142857142857,1730.666666666663
758,18.15000013,42.55,18.25000013,42.45,17,132.826514370015,22.1667272921264,0.0,211.006393432617,2199.51545417619,18.2,42.5,1308.7894736842068,756.049999999997,1423.0500000000002,1900.9047619047617,1201.857142857139
759,18.25000013,42.55,18.35000013,42.45,17,71.9571799090409,54.4236783896251,0.0,157.162734985352,1799.87214440952,18.3,42.5,770.0526315789475,384.3000000000013,1264.95,1569.095238095238,670.2380952380939
760,14.35000013,42.45,14.45000013,42.35,17,18.1246296025412,11.9509141614227,0.0,61.3940010070801,117.938616478571,14.4,42.4,134.89473684210537,46.34999999999999,0.0,111.6190476190476,131.47619047619042
761,14.45000013,42.45,14.55000013,42.35,17,48.7054660345117,19.7422994089499,15.3500003814697,85.5419998168945,713.331660047619,14.5,42.4,674.0526315789473,354.75000000000034,423.2,756.2857142857142,642.6666666666665
762,14.55000013,42.45,14.65000013,42.35,17,77.8046680316329,12.0853656722511,38.5,101.699996948242,1028.49589537143,14.6,42.4,696.2631578947367,446.3500000000004,889.5999999999999,1145.6666666666665,678.047619047618
763,14.65000013,42.45,14.75000013,42.35,17,94.4892470563451,9.43610072817316,74.4000015258789,116.449996948242,1013.5853044619,14.7,42.4,1152.105263157892,824.8999999999995,734.75,1142.4285714285713,1186.2857142857133
764,14.75000013,42.45,14.85000013,42.35,17,109.15356992599,10.0514165534689,88.4000015258789,134.399993896484,1018.39668703333,14.8,42.4,1240.6315789473651,934.0999999999988,750.45,1145.0,1311.3333333333314
765,14.85000013,42.45,14.95000013,42.35,17,123.858111002379,10.986498330861,100.0,148.550003051758,1072.71809095714,14.9,42.4,1837.526315789471,1578.749999999998,837.05,1207.6666666666667,1935.3809523809498
766,14.95000013,42.45,15.05000013,42.35,17,135.134581247965,9.46616873409258,113.699996948242,153.0,1188.5702856619,15.0,42.4,1543.3684210526285,1311.199999999997,1072.2499999999998,1293.7142857142858,1583.9523809523776
767,15.05000013,42.45,15.15000013,42.35,17,140.466905424992,8.17954317453488,122.849998474121,154.050003051758,1251.83110519524,15.1,42.4,2129.263157894738,1934.199999999997,1169.3,1368.142857142857,2148.3809523809623
768,15.15000013,42.45,15.25000013,42.35,17,145.476898969875,5.57701965220119,129.949996948242,154.100006103516,1365.49140162857,15.2,42.4,1224.526315789471,1040.899999999998,1379.0,1468.4761904761906,1157.1428571428546
769,15.25000013,42.45,15.35000013,42.35,17,148.238612333934,2.74779153836572,140.600006103516,151.899993896484,1377.06601308095,15.3,42.4,856.2105263157888,736.8999999999978,1494.55,1483.7619047619048,790.523809523808
770,15.35000013,42.45,15.45000013,42.35,17,148.590597929226,2.19119005852293,142.899993896484,151.0,1291.26083364762,15.4,42.4,765.7894736842103,651.4499999999986,1412.0,1407.1904761904761,704.4285714285699
771,15.45000013,42.45,15.55000013,42.35,17,146.679703833328,2.565725913593,139.5,150.0,1148.79582998571,15.5,42.4,682.7894736842102,542.2999999999996,1281.25,1264.0,616.1904761904751
772,15.55000013,42.45,15.65000013,42.35,17,141.857818030649,2.7391313166535,133.550003051758,147.25,982.641380304762,15.6,42.4,680.947368421053,482.6000000000009,975.25,1077.047619047619,606.476190476189
773,15.65000013,42.45,15.75000013,42.35,17,136.810688633058,2.26788579538844,131.600006103516,141.399993896484,875.818644252381,15.7,42.4,490.7894736842089,359.45000000000067,945.25,930.4285714285714,467.5238095238088
774,15.75000013,42.45,15.85000013,42.35,17,128.460910339322,14.1152237192379,42.2299995422363,139.610000610352,827.401002790476,15.8,42.4,540.7894736842089,493.9500000000007,937.45,875.6666666666665,518.7619047619044
775,15.85000013,42.45,15.95000013,42.35,17,129.264221648375,1.79871722146659,109.764999389648,131.919372558594,869.033553319048,15.9,42.4,256.4210526315795,239.3000000000004,1037.7,923.1428571428571,247.2380952380951
776,15.95000013,42.45,16.05000013,42.35,17,129.799520195358,2.51229198772402,118.075973510742,136.193801879883,992.642059880952,16.0,42.4,213.10526315789537,148.2000000000001,1055.8000000000002,1087.7142857142858,182.09523809523787
777,16.05000013,42.45,16.15000013,42.35,17,114.918572875361,6.75915560730466,96.0679168701172,133.486282348633,933.044309728571,16.1,42.4,599.7894736842101,431.1000000000008,922.05,983.1428571428571,497.7142857142847
778,16.15000013,42.45,16.25000013,42.35,17,115.1010615271,20.2782864366655,0.0,174.007369995117,944.155268333333,16.2,42.4,1332.6315789473629,1025.3999999999985,709.3499999999999,926.0952380952381,1126.7142857142817
779,16.25000013,42.45,16.35000013,42.35,17,104.560419504841,45.7732453343441,0.0,179.103378295898,596.896635733333,16.3,42.4,2399.105263157893,2214.350000000009,435.1,578.3333333333333,2190.4285714285825
780,16.35000013,42.45,16.45000013,42.35,17,141.105768401176,34.8457583155266,26.93359375,189.216583251953,773.564115480952,16.4,42.4,1181.5263157894676,1128.999999999996,591.6500000000001,674.5238095238094,1244.3333333333287
781,16.45000013,42.45,16.55000013,42.35,17,181.12521797253,17.0095929194444,152.074005126953,220.175277709961,1075.2138169381,16.5,42.4,1774.631578947363,1170.1999999999962,642.6,1184.3333333333333,1673.0952380952342
782,16.55000013,42.45,16.65000013,42.35,17,204.974552879731,12.7789612376586,167.872344970703,229.127410888672,1029.01789338095,16.6,42.4,909.736842105262,628.3499999999987,828.3,1100.857142857143,861.9523809523774
783,16.65000013,42.45,16.75000013,42.35,17,207.56011326611,10.722687190807,169.109848022461,229.042083740234,1225.79710112381,16.7,42.4,469.4210526315769,382.3500000000008,1182.0,1182.3333333333335,401.04761904761887
784,16.75000013,42.45,16.85000013,42.35,17,216.372825971908,20.0232828193376,168.922424316406,275.200012207031,1599.71079178571,16.8,42.4,961.3157894736844,536.1500000000005,1066.9,1395.7619047619046,870.952380952378
785,16.85000013,42.45,16.95000013,42.35,17,299.647795971897,80.8248986649567,192.808380126953,555.849975585938,351.129022609524,16.9,42.4,294.0526315789475,250.75000000000048,219.6,273.4761904761905,240.6666666666664
786,16.95000013,42.45,17.05000013,42.35,17,454.227596807811,138.221213222702,235.965560913086,704.099975585938,8.55817893947619,17.0,42.4,217.9473684210532,200.30000000000013,0.0,0.0,191.42857142857142
787,17.05000013,42.45,17.15000013,42.35,17,629.473455556889,120.862019548161,275.832946777344,824.950012207031,0.0072338527142857,17.1,42.4,202.10526315789525,184.1500000000004,0.0,0.0,175.66666666666686
788,17.15000013,42.45,17.25000013,42.35,17,724.527560657925,105.932396958207,484.600006103516,916.299987792969,0.0,17.2,42.4,189.5263157894743,174.60000000000034,0.0,0.0,165.80952380952357
789,17.25000013,42.45,17.35000013,42.35,17,799.846907304393,100.119341915201,516.799987792969,956.450012207031,0.0,17.3,42.4,183.3684210526322,178.7500000000004,0.0,0.0,168.66666666666663
790,17.45000013,42.45,17.55000013,42.35,17,788.362283140421,150.326067680045,359.75,998.25,0.0,17.5,42.4,197.73684210526383,188.5500000000004,0.0,0.0,170.09523809523773
791,17.55000013,42.45,17.65000013,42.35,17,761.546316285928,204.595714746587,339.899993896484,1020.84997558594,0.0,17.6,42.4,206.57894736842152,186.2000000000003,0.0,0.0,169.95238095238068
792,17.65000013,42.45,17.75000013,42.35,17,768.872115698126,202.539423851939,342.149993896484,1034.55004882812,0.0,17.7,42.4,224.94736842105328,215.2500000000006,0.0,0.0,192.2380952380949
793,17.75000013,42.45,17.85000013,42.35,17,748.4052040014,188.88650935931,313.335815429688,1013.84997558594,0.0,17.8,42.4,259.5263157894742,235.5500000000004,0.0,0.0,209.28571428571408
794,17.85000013,42.45,17.95000013,42.35,17,690.360796895292,188.310530001243,283.964508056641,980.0,0.0,17.9,42.4,302.26315789473574,276.5500000000006,0.0,0.0,248.0476190476188
795,17.95000013,42.45,18.05000013,42.35,17,552.932772520516,202.200817447951,271.585418701172,930.549987792969,1.17108866747619,18.0,42.4,358.36842105262923,325.10000000000105,0.0,0.0,306.4761904761898
796,18.05000013,42.45,18.15000013,42.35,17,416.992797884676,158.253346342698,214.506393432617,776.084289550781,154.26663094619,18.1,42.4,462.26315789473455,408.3500000000009,109.6,84.57142857142857,385.2857142857132
797,18.15000013,42.45,18.25000013,42.35,17,277.675626266334,74.4550200066049,159.169052124023,597.75,1394.08772372381,18.2,42.4,606.1578947368412,539.0999999999991,994.4999999999998,972.3809523809524,514.0952380952372
798,18.25000013,42.45,18.35000013,42.35,18,193.214252215293,49.4107522703096,120.266441345215,308.002349853516,3701.3218027619,18.3,42.4,1363.7368421052604,691.349999999999,2841.2,3376.190476190476,1235.4285714285675
799,18.35000013,42.45,18.45000013,42.35,18,126.434127896662,37.009803334581,0.0,232.655715942383,2011.16006451429,18.4,42.4,1539.9473684210473,953.7499999999984,1321.7,1843.904761904762,1467.2380952380927
800,18.45000013,42.45,18.55000013,42.35,18,66.3265186552372,53.701721070957,0.0,137.818405151367,553.684792295238,18.5,42.4,1002.4210526315796,811.8499999999996,361.7,504.1428571428571,964.8571428571415
801,14.45000013,42.35,14.55000013,42.25,17,11.324598436606,7.94048117385345,0.0,37.4000015258789,26.2263239557143,14.5,42.3,38.7368421052632,35.29999999999999,0.0,0.0,31.380952380952376
802,14.55000013,42.35,14.65000013,42.25,17,31.8099609412667,14.7676263378385,10.9499998092651,73.8499984741211,271.280819243333,14.6,42.3,295.6842105263155,129.74999999999991,160.89999999999998,276.8095238095238,290.38095238095246
803,14.65000013,42.35,14.75000013,42.25,17,60.0376356624895,17.0547431566941,23.1000003814697,88.0999984741211,735.035257452381,14.7,42.3,580.105263157895,388.75000000000034,553.1,777.4285714285716,569.761904761904
804,14.75000013,42.35,14.85000013,42.25,17,81.6651964212457,10.4910005384721,46.25,99.8499984741211,899.434140309524,14.8,42.3,559.8421052631584,431.55000000000007,901.35,962.3333333333334,585.2380952380951
805,14.85000013,42.35,14.95000013,42.25,17,94.5762805011537,7.97949662498232,72.0999984741211,113.400001525879,946.190225742857,14.9,42.3,806.5789473684208,577.4999999999993,821.7,1024.2857142857144,823.6190476190466
806,14.95000013,42.35,15.05000013,42.25,17,104.721397682197,8.02480766937407,87.3499984741211,122.599998474121,991.724937985714,15.0,42.3,1148.7894736842072,907.199999999998,814.6999999999999,1087.5714285714284,1181.8095238095211
807,15.05000013,42.35,15.15000013,42.25,17,114.013775083754,7.66124573172939,97.4000015258789,129.699996948242,1027.3791387381,15.1,42.3,989.7368421052632,723.6999999999988,859.45,1149.1428571428573,1001.3809523809516
808,15.15000013,42.35,15.25000013,42.25,17,122.53023013307,7.62012726150505,106.849998474121,140.449996948242,1067.53393110952,15.2,42.3,1292.315789473681,932.149999999998,816.75,1201.1428571428573,1295.7619047619016
809,15.25000013,42.35,15.35000013,42.25,17,129.691780770818,7.76605274369698,115.300003051758,143.5,1107.75722162381,15.3,42.3,1337.5263157894717,1026.3499999999988,920.1,1235.2857142857142,1348.0476190476163
810,15.35000013,42.35,15.45000013,42.25,17,131.65376527028,7.72600304718026,118.599998474121,143.75,1045.82819707143,15.4,42.3,1113.3684210526285,843.5999999999985,889.3500000000001,1176.095238095238,1098.523809523807
811,15.45000013,42.35,15.55000013,42.25,17,128.97563488947,7.49213900195407,117.25,142.800003051758,910.248722314286,15.5,42.3,1072.5263157894708,812.649999999999,770.8,976.2857142857142,1069.9523809523785
812,15.55000013,42.35,15.65000013,42.25,17,124.258214054008,5.84288689277736,113.300003051758,139.199996948242,772.646935909524,15.6,42.3,669.7894736842092,480.1500000000004,662.1,821.1904761904761,663.9047619047606
813,15.65000013,42.35,15.75000013,42.25,17,120.978683918715,6.15802571688514,108.150001525879,133.399993896484,658.564781380952,15.7,42.3,1002.2631578947368,850.8999999999978,555.1999999999999,720.6666666666666,909.8095238095216
814,15.75000013,42.35,15.85000013,42.25,17,119.343424529665,6.33492343036983,107.050003051758,131.5,587.13860547619,15.8,42.3,1150.8947368421018,1034.849999999998,567.1500000000001,647.2380952380952,1076.0952380952356
815,15.85000013,42.35,15.95000013,42.25,17,123.084961047603,4.76714183132881,113.300003051758,130.300003051758,641.365026157143,15.9,42.3,593.6842105263149,532.4500000000003,669.25,705.1904761904761,550.1428571428564
816,15.95000013,42.35,16.05000013,42.25,17,128.261544599301,3.47070016311803,119.0,136.199295043945,805.348644876191,16.0,42.3,391.42105263157714,315.8000000000005,870.45,858.4285714285713,383.666666666666
817,16.05000013,42.35,16.15000013,42.25,17,126.796936680873,6.89147449243817,93.0268020629883,144.699417114258,903.897005290476,16.1,42.3,726.9999999999997,610.1999999999989,918.9,959.0952380952381,676.6666666666648
818,16.15000013,42.35,16.25000013,42.25,17,127.090911115209,8.29845955762084,105.286445617676,145.236572265625,921.340298980952,16.2,42.3,274.6315789473683,219.7500000000005,1038.65,976.952380952381,250.90476190476164
819,16.25000013,42.35,16.35000013,42.25,17,134.923485436373,6.55356411839053,107.229965209961,146.812393188477,846.596065538095,16.3,42.3,615.736842105263,573.9499999999988,918.5,871.6666666666665,586.714285714283
820,16.35000013,42.35,16.45000013,42.25,17,150.491649250189,7.10501732648109,134.788604736328,164.078338623047,877.519823642857,16.4,42.3,303.68421052631385,252.95000000000047,1000.1,910.9047619047619,285.9047619047613
821,16.45000013,42.35,16.55000013,42.25,17,167.2998032603,8.27458150988615,151.5,187.696151733398,951.865525838095,16.5,42.3,1047.6315789473651,653.1499999999982,720.8,1013.8571428571429,970.1904761904732
822,16.55000013,42.35,16.65000013,42.25,17,189.408822968602,9.23743965875478,166.649993896484,206.050003051758,1075.61907451905,16.6,42.3,1329.10526315789,1025.1499999999985,867.1999999999999,1161.7619047619048,1264.7619047618996
823,16.65000013,42.35,16.75000013,42.25,17,214.397124571933,7.44383964492979,193.25,231.699996948242,1130.65336074762,16.7,42.3,1103.0526315789443,748.4999999999986,862.0999999999999,1181.6190476190477,1066.1904761904718
824,16.75000013,42.35,16.85000013,42.25,17,259.07364903556,35.9174493113371,218.0,392.899993896484,822.845495809524,16.8,42.3,257.84210526315866,199.60000000000025,732.6,721.2380952380952,226.19047619047606
825,16.85000013,42.35,16.95000013,42.25,17,523.208656264676,87.8415307243167,276.450012207031,677.049987792969,0.26800110952381,16.9,42.3,176.36842105263182,163.34999999999997,0.0,0.0,153.38095238095246
826,16.95000013,42.35,17.05000013,42.25,17,721.755053725508,53.5306897704639,561.5,824.349975585938,0.0,17.0,42.3,160.1052631578951,160.24999999999997,0.0,0.0,141.80952380952397
827,18.15000013,42.35,18.25000013,42.25,18,678.958404388693,149.475388399174,311.127899169922,940.831237792969,0.0,18.2,42.3,381.3684210526293,361.1500000000012,0.0,0.0,326.90476190476153
828,18.25000013,42.35,18.35000013,42.25,18,365.763006014956,119.238886351851,235.651809692383,773.549987792969,286.630585726667,18.3,42.3,532.578947368419,495.15000000000106,219.15,183.76190476190473,456.23809523809456
829,18.35000013,42.35,18.45000013,42.25,18,220.382132915987,41.8311334635364,127.446571350098,306.084869384766,2252.03672280476,18.4,42.3,852.4736842105249,733.4499999999981,1968.05,1963.9047619047622,749.9999999999984
830,18.45000013,42.35,18.55000013,42.25,18,147.766291994188,30.1609727821678,104.650001525879,208.600006103516,1621.61015184286,18.5,42.3,3068.9473684210543,2465.750000000008,1011.85,1618.9523809523807,3159.61904761906
831,18.55000013,42.35,18.65000013,42.25,18,114.260549188488,9.9111280487291,57.0729293823242,148.59375,1496.05566284286,18.6,42.3,1117.368421052627,773.0999999999981,1120.4,1430.4285714285716,1081.3809523809507
832,18.65000013,42.35,18.75000013,42.25,18,64.8784394085459,42.4493450570492,0.0,144.800003051758,1382.37172059048,18.7,42.3,1083.9999999999984,430.9500000000006,664.8999999999999,1310.2380952380952,1040.9047619047612
833,14.65000013,42.25,14.75000013,42.15,17,16.0143262950975,10.9351980628083,0.0,45.2000007629395,25.9793030461905,14.7,42.2,49.94736842105264,42.64999999999999,0.0,0.0,50.90476190476196
834,14.75000013,42.25,14.85000013,42.15,17,36.5725748483092,14.1568179349325,11.25,70.8000030517578,298.850496227619,14.8,42.2,262.78947368421024,94.5,199.8,314.4761904761904,240.9047619047618
835,14.85000013,42.25,14.95000013,42.15,17,60.9296332933009,14.1988074504597,25.3500003814697,86.8000030517578,722.4946552,14.9,42.2,373.3684210526312,173.95000000000005,540.95,764.3333333333333,370.3809523809521
836,14.95000013,42.25,15.05000013,42.15,17,79.6835341503223,8.98884199703932,52.5,97.0,876.14348897619,15.0,42.2,603.2631578947369,425.2500000000001,806.9499999999999,929.1428571428571,603.0952380952374
837,15.05000013,42.25,15.15000013,42.15,17,92.1262045403322,6.51646500800163,73.9499969482422,106.300003051758,916.035331147619,15.1,42.2,630.7894736842107,493.0000000000005,884.4499999999999,985.3809523809524,655.4285714285704
838,15.15000013,42.25,15.25000013,42.15,17,101.603998577429,6.036852388861,87.0500030517578,114.949996948242,932.839917090476,15.2,42.2,689.0526315789475,539.55,894.0,1011.9047619047619,698.7619047619038
839,15.25000013,42.25,15.35000013,42.15,17,108.672021549609,5.47311835936062,95.5999984741211,118.5,932.902824780952,15.3,42.2,522.2105263157883,367.1000000000007,944.0,1012.6190476190476,525.0476190476184
840,15.35000013,42.25,15.45000013,42.15,17,111.245828054017,5.46984877713109,100.449996948242,120.5,882.909848419048,15.4,42.2,692.2631578947364,476.6000000000007,825.45,941.1904761904763,696.2380952380947
841,15.45000013,42.25,15.55000013,42.15,17,110.603135949208,4.74977207287384,97.5500030517578,118.849998474121,800.478711895238,15.5,42.2,713.0526315789468,592.6999999999991,764.1,845.6190476190475,713.1428571428559
842,15.55000013,42.25,15.65000013,42.15,17,105.575168261098,5.9526517217034,94.6500015258789,117.050003051758,695.603435942857,15.6,42.2,543.9999999999994,400.2000000000005,600.3000000000001,752.0952380952381,516.2857142857137
843,15.65000013,42.25,15.75000013,42.15,17,100.161968396045,12.1548874070047,0.0,112.849998474121,601.914941019048,15.7,42.2,735.2105263157893,726.2999999999987,678.9,657.2380952380952,665.2380952380945
844,15.75000013,42.25,15.85000013,42.15,17,103.821376010051,10.0460607480244,0.0,113.150001525879,564.823443795238,15.8,42.2,1162.5789473684197,1278.2499999999989,674.0,603.7619047619047,1122.0476190476172
845,15.85000013,42.25,15.95000013,42.15,17,111.618549375898,3.74511350925168,102.900001525879,118.900001525879,604.436721985714,15.9,42.2,587.1578947368412,536.35,637.8000000000001,667.5238095238095,575.7142857142843
846,15.95000013,42.25,16.05000013,42.15,17,117.004296971692,3.57943760660245,108.0,127.699996948242,701.928021819048,16.0,42.2,728.1052631578937,642.8499999999988,618.5500000000001,754.952380952381,728.4761904761885
847,16.05000013,42.25,16.15000013,42.15,17,124.186938049065,4.0595946806207,112.75,132.399993896484,804.341512,16.1,42.2,486.4210526315775,394.7000000000005,857.3,855.7142857142858,471.666666666666
848,16.15000013,42.25,16.25000013,42.15,17,126.583765806423,3.40153677351205,106.64933013916,132.399993896484,814.395432761905,16.2,42.2,313.8421052631566,294.2000000000009,955.35,867.2857142857143,296.0952380952376
849,16.25000013,42.25,16.35000013,42.15,17,129.072953387267,3.54684931304225,106.848770141602,139.568359375,752.654082885714,16.3,42.2,785.9999999999986,731.7999999999985,756.7,790.1904761904761,762.2857142857121
850,16.35000013,42.25,16.45000013,42.15,17,134.819710099863,4.43088213787456,127.199996948242,151.08984375,702.0132639,16.4,42.2,781.6842105263156,546.6499999999994,519.15,751.2380952380951,753.8571428571403
851,16.45000013,42.25,16.55000013,42.15,17,147.788179031677,7.01271346668163,134.199996948242,166.199996948242,768.073286466667,16.5,42.2,1060.8947368421036,733.3999999999988,508.5,802.7619047619048,1008.4761904761879
852,16.55000013,42.25,16.65000013,42.15,17,168.46628144549,8.47671224464489,148.699996948242,192.5,1089.71724283333,16.6,42.2,850.2631578947359,504.0500000000008,855.1,1176.2380952380952,799.0476190476166
853,16.65000013,42.25,16.75000013,42.15,17,192.428591620591,14.7902783042335,179.300003051758,230.25,1563.7947436619,16.7,42.2,1493.157894736839,681.399999999999,900.3499999999999,1636.8571428571427,1409.6666666666615
854,16.75000013,42.25,16.85000013,42.15,17,228.341970461938,25.3863993745706,184.75,380.0,1621.8144008,16.8,42.2,543.7368421052613,305.7000000000002,1288.5,1459.0,517.1428571428568
855,16.85000013,42.25,16.95000013,42.15,17,384.142648531331,126.811317739334,225.199996948242,664.950012207031,498.230563004762,16.9,42.2,142.526315789474,136.70000000000005,344.0,319.5238095238095,131.33333333333363
856,16.95000013,42.25,17.05000013,42.15,18,659.666456487444,133.218918836724,349.950012207031,831.950012207031,0.0,17.0,42.2,145.4210526315793,142.49999999999997,0.0,0.0,136.0000000000001
857,18.25000013,42.25,18.35000013,42.15,18,699.548255138927,154.813032179224,307.874572753906,985.849975585938,0.0,18.3,42.2,402.2105263157875,371.4500000000011,0.0,0.0,332.0476190476183
858,18.35000013,42.25,18.45000013,42.15,18,319.618720023168,74.9512101743141,209.0,707.5,343.989905400476,18.4,42.2,573.9473684210517,547.6499999999992,254.35,302.0952380952381,489.1428571428571
859,18.45000013,42.25,18.55000013,42.15,18,198.000142147144,16.934475325505,151.9609375,252.484375,3028.40023066667,18.5,42.2,3382.368421052632,2004.0999999999967,1724.65,3029.619047619047,3439.571428571442
860,18.55000013,42.25,18.65000013,42.15,18,140.468990549445,22.2942435927853,111.774391174316,182.3125,1718.69055886667,18.6,42.2,2892.157894736844,2133.9500000000094,993.3,1808.4761904761906,2997.904761904773
861,18.65000013,42.25,18.75000013,42.15,18,117.999264191422,7.16765109010566,93.8000030517578,153.199996948242,1419.7303594,18.7,42.2,1584.6842105263145,883.1499999999983,769.3499999999999,1473.5238095238094,1610.095238095237
862,18.75000013,42.25,18.85000013,42.15,18,88.6971423580415,12.6593316403154,29.08984375,115.099998474121,1195.10820031905,18.8,42.2,859.7894736842106,613.5499999999996,824.35,1094.4761904761906,890.7619047619042
863,18.85000013,42.25,18.95000013,42.15,18,47.431161920747,30.5914245159135,0.0,97.9606246948242,932.122340242857,18.9,42.2,787.1052631578951,305.40000000000003,378.25,848.7142857142858,778.6666666666664
864,14.75000013,42.15,14.85000013,42.05,17,11.0304587460446,6.0257776050023,0.0,24.9500007629395,14.932377476,14.8,42.1,9.578947368421051,6.4999999999999964,0.0,0.0,10.190476190476186
865,14.85000013,42.15,14.95000013,42.05,17,22.8432237216168,8.00843179907302,9.0,51.7999992370605,122.646887452857,14.9,42.1,143.89473684210532,45.64999999999998,0.0,122.80952380952381,136.4761904761904
866,14.95000013,42.15,15.05000013,42.05,17,41.524880633586,14.8166357953202,17.8500003814697,73.5,383.417281161905,15.0,42.1,341.3684210526312,103.69999999999992,203.8,469.52380952380946,322.095238095238
867,15.05000013,42.15,15.15000013,42.05,17,62.5912380936659,14.5840132108145,27.8500003814697,86.8000030517578,679.313539019048,15.1,42.1,334.7368421052625,131.05000000000004,546.8,739.6190476190475,320.6666666666665
868,15.15000013,42.15,15.25000013,42.05,17,78.4669000179403,9.63725636553829,50.5999984741211,95.3000030517578,768.558824,15.2,42.1,415.7368421052627,215.25000000000023,630.8499999999999,813.5714285714286,403.1904761904762
869,15.25000013,42.15,15.35000013,42.05,17,86.5370009856092,7.64668695258812,67.6999969482422,100.349998474121,790.440893904762,15.3,42.1,391.5789473684205,177.9500000000002,649.3499999999999,838.1428571428571,395.04761904761887
870,15.35000013,42.15,15.45000013,42.05,17,87.443337822126,7.58255321179961,74.3000030517578,101.300003051758,750.541468952381,15.4,42.1,490.4210526315783,218.05000000000013,523.0,792.3809523809523,477.571428571428
871,15.45000013,42.15,15.55000013,42.05,17,76.0965671034064,23.320444913532,0.0,105.889999389648,565.841200842857,15.5,42.1,1400.6315789473672,1245.199999999997,523.9,606.6666666666666,1311.142857142856
872,15.55000013,42.15,15.65000013,42.05,17,84.7469293284747,4.82705989765676,72.5999984741211,97.0500030517578,650.359510995238,15.6,42.1,563.8421052631575,420.4000000000004,523.4,712.9999999999999,583.9047619047616
873,15.65000013,42.15,15.75000013,42.05,17,85.7895780263676,7.09172184374858,69.4499969482422,99.3000030517578,613.83943972381,15.7,42.1,499.2105263157888,346.7500000000007,551.15,678.4761904761905,479.99999999999943
874,15.75000013,42.15,15.85000013,42.05,17,89.6456327024434,7.74672827500934,70.5,102.75,613.69365077619,15.8,42.1,457.9473684210515,329.05000000000024,566.0500000000001,677.8095238095237,457.6190476190473
875,15.85000013,42.15,15.95000013,42.05,17,94.7482477178176,7.64759421232507,77.8499984741211,107.800003051758,667.809012142857,15.9,42.1,446.8947368421042,258.5000000000004,557.1500000000001,735.1904761904761,422.5714285714283
876,15.95000013,42.15,16.05000013,42.05,17,100.022471854256,7.52268474305945,82.1999969482422,112.550003051758,741.944461790476,16.0,42.1,565.684210526315,404.5000000000008,625.0,787.8571428571429,530.0952380952372
877,16.05000013,42.15,16.15000013,42.05,17,106.256754410764,7.37238470574369,88.3499984741211,121.900001525879,815.959049171429,16.1,42.1,602.157894736842,394.95000000000056,730.8,870.6190476190476,596.2857142857132
878,16.15000013,42.15,16.25000013,42.05,17,112.731012119187,6.86534375203638,96.7850036621094,125.25,828.345964071429,16.2,42.1,537.4210526315777,372.1500000000008,813.5000000000001,884.9047619047619,522.0476190476182
879,16.25000013,42.15,16.35000013,42.05,18,118.273131097356,6.63553274520268,103.924583435059,127.0,856.194754076191,16.3,42.1,369.6315789473673,267.6000000000005,907.6,908.9047619047617,369.0476190476185
880,16.35000013,42.15,16.45000013,42.05,18,125.788860974212,4.30413999923612,110.599998474121,134.050003051758,847.998529980952,16.4,42.1,710.1052631578938,593.8999999999986,868.8499999999999,903.4285714285713,705.1904761904743
881,16.45000013,42.15,16.55000013,42.05,18,135.307514290843,4.67580310332452,124.25,148.449996948242,906.545625080952,16.5,42.1,1068.263157894734,792.1999999999988,774.0500000000001,968.0476190476192,1012.6190476190459
882,16.55000013,42.15,16.65000013,42.05,18,157.012841769391,12.2639061175104,134.649993896484,182.699996948242,1262.74259797143,16.6,42.1,1217.7894736842056,740.0999999999992,918.75,1336.6190476190477,1161.2857142857104
883,16.65000013,42.15,16.75000013,42.05,18,198.320605481664,14.5236070198952,165.75,229.199996948242,1674.45963612381,16.7,42.1,1782.2631578947346,823.4999999999989,841.6000000000001,1740.3809523809523,1762.4761904761863
884,16.75000013,42.15,16.85000013,42.05,18,224.15820314818,20.2835212571574,184.949996948242,283.899993896484,1880.71117319048,16.8,42.1,848.2105263157896,257.65000000000026,1273.7999999999995,1803.0,797.857142857141
885,16.85000013,42.15,16.95000013,42.05,18,307.287120287617,48.812184525191,222.949996948242,429.899993896484,337.929954838095,16.9,42.1,141.2631578947371,138.74999999999991,219.95,248.0,125.28571428571465
886,16.95000013,42.15,17.05000013,42.05,18,522.926176961925,99.5249592081214,347.75,687.099975585938,1.69790863052381,17.0,42.1,148.15789473684242,148.7,0.0,0.0,140.90476190476213
887,17.05000013,42.15,17.15000013,42.05,18,763.692367842107,77.2938080456901,665.900024414062,951.049987792969,0.0,17.1,42.1,129.105263157895,124.39999999999972,0.0,0.0,115.23809523809561
888,18.35000013,42.15,18.45000013,42.05,18,442.052282257213,128.198590872894,206.486740112305,773.650024414062,10.1207355731429,18.4,42.1,463.1578947368402,445.75000000000057,0.0,0.047619047619047616,393.19047619047564
889,18.45000013,42.15,18.55000013,42.05,18,230.449567970302,53.3272716280018,135.820236206055,366.149993896484,2123.49475947143,18.5,42.1,2129.947368421052,1511.4999999999957,1438.0,1912.857142857143,2000.3333333333292
890,18.55000013,42.15,18.65000013,42.05,18,166.359848048952,11.8944242435353,121.599998474121,221.399993896484,2995.86216703333,18.6,42.1,3021.6842105263167,1375.7999999999963,1594.35,3102.6190476190477,2883.1428571428673
891,18.65000013,42.15,18.75000013,42.05,18,122.603260035316,12.7557097548366,98.5297012329102,169.5,1330.03020125714,18.7,42.1,2436.105263157897,1586.749999999997,567.0,1403.9523809523807,2440.3333333333453
892,18.75000013,42.15,18.85000013,42.05,18,88.7994566187263,9.38785351760458,75.8968658447266,130.850006103516,936.636542433333,18.8,42.1,1218.5789473684183,690.2499999999986,449.8,971.5714285714286,1229.3809523809518
893,18.85000013,42.15,18.95000013,42.05,18,76.6962702187399,4.84445805102803,62.110034942627,85.0563049316406,973.590575333333,18.9,42.1,570.8947368421057,381.9500000000004,729.2499999999999,966.5238095238096,601.5238095238092
894,18.95000013,42.15,19.05000013,42.05,18,54.4475026746125,20.4187573259879,0.0,72.0852661132812,1005.78759759048,19.0,42.1,487.2631578947367,256.1000000000001,622.4,895.0952380952382,503.8095238095236
895,15.05000013,42.05,15.15000013,41.95,17,20.5895945880847,8.71851083075028,0.0,49.9000015258789,18.8589763555714,15.1,42.0,47.526315789473706,35.69999999999999,0.0,0.0,44.66666666666671
896,15.15000013,42.05,15.25000013,41.95,17,31.7340819971222,13.4105139331678,14.0,67.1500015258789,77.9143137647619,15.2,42.0,91.5789473684211,75.49999999999997,0.0,16.19047619047619,78.76190476190484
897,15.25000013,42.05,15.35000013,41.95,17,40.2292426474806,18.0349909891611,17.3999996185303,75.0999984741211,152.697920528571,15.3,42.0,136.52631578947387,57.79999999999996,114.15,165.95238095238096,128.85714285714286
898,15.35000013,42.05,15.45000013,41.95,17,42.1576334585746,19.7036761696432,17.75,75.4000015258789,175.01548418619,15.4,42.0,130.2105263157896,43.39999999999998,214.7,183.23809523809524,119.85714285714296
899,15.45000013,42.05,15.55000013,41.95,17,40.7553602152814,21.2504522565577,16.7999992370605,79.8000030517578,131.265373739524,15.5,42.0,172.57894736842118,103.44999999999987,0.0,149.66666666666669,161.85714285714266
900,15.55000013,42.05,15.65000013,41.95,18,35.2957845088094,19.4955412494356,15.3999996185303,77.8499984741211,61.3090855490476,15.6,42.0,81.00000000000006,95.74999999999994,0.0,0.0,81.95238095238106
901,15.65000013,42.05,15.75000013,41.95,18,31.1060980909194,17.6593241055326,14.1499996185303,73.9499969482422,34.0954386414286,15.7,42.0,22.47368421052633,21.950000000000014,0.0,0.0,25.142857142857117
902,15.75000013,42.05,15.85000013,41.95,18,31.3791666584503,18.6255967341359,14.1999998092651,77.3000030517578,30.4055516990476,15.8,42.0,20.73684210526317,20.3,0.0,0.0,19.380952380952365
903,15.85000013,42.05,15.95000013,41.95,18,34.1834689674692,21.5772267939616,14.6499996185303,81.6999969482422,31.99163578,15.9,42.0,27.57894736842107,23.95000000000002,0.0,0.0,23.047619047619023
904,15.95000013,42.05,16.05000013,41.95,18,38.0273203628603,24.46866158481,1.59765625,87.1999969482422,52.0558913090476,16.0,42.0,62.21052631578952,55.499999999999964,0.0,0.0,54.47619047619055
905,16.05000013,42.05,16.15000013,41.95,18,44.5236000487995,24.5734940087231,7.05000019073486,95.6849975585938,149.880443351905,16.1,42.0,146.89473684210537,68.99999999999993,71.2,165.47619047619048,146.90476190476193
906,16.15000013,42.05,16.25000013,41.95,18,52.5575857259747,17.9036487957133,20.6949996948242,106.88500213623,540.294982647619,16.2,42.0,562.1578947368421,295.5000000000003,395.4,576.7619047619047,518.7619047619039
907,16.25000013,42.05,16.35000013,41.95,18,75.1896478285392,19.0065471088071,44.9000015258789,114.074996948242,757.889359852381,16.3,42.0,1314.94736842105,1052.999999999999,497.85,799.7619047619047,1277.9523809523791
908,16.35000013,42.05,16.45000013,41.95,18,103.463395303322,10.9130174919585,71.6999969482422,124.099998474121,1001.45739964286,16.4,42.0,691.4210526315776,444.90000000000055,864.75,1099.6666666666665,669.6190476190466
909,16.45000013,42.05,16.55000013,41.95,18,118.70351030512,7.283738145794,102.5,134.399993896484,1043.32197321429,16.5,42.0,964.3684210526314,627.6999999999995,838.3000000000001,1170.0952380952383,939.9047619047603
910,16.55000013,42.05,16.65000013,41.95,18,135.711811150942,8.64844306426289,115.400001525879,164.100006103516,1185.98772719048,16.6,42.0,999.8947368421038,546.1500000000002,895.15,1274.7142857142858,962.38095238095
911,16.65000013,42.05,16.75000013,41.95,18,174.738086001741,22.8487483381525,138.0,227.5,1925.2298471619,16.7,42.0,2034.8947368421025,1027.6499999999987,1086.6,2009.2857142857144,1976.2857142857101
912,16.75000013,42.05,16.85000013,41.95,18,243.279302352005,25.5487618536974,182.649993896484,303.899993896484,1217.24162380952,16.8,42.0,260.7894736842109,163.89999999999998,1157.5000000000002,1191.3333333333335,240.71428571428552
913,16.85000013,42.05,16.95000013,41.95,18,369.119346747796,39.5031341101316,276.950012207031,447.799987792969,101.11832477381,16.9,42.0,153.47368421052667,146.9499999999999,0.0,0.0,137.42857142857156
914,16.95000013,42.05,17.05000013,41.95,18,543.821218470732,78.3714316478601,411.75,698.25,0.943545446571429,17.0,42.0,157.31578947368467,154.29999999999984,0.0,0.0,144.6666666666668
915,17.05000013,42.05,17.15000013,41.95,18,747.354665828325,33.986306951897,645.5,816.400024414062,0.0,17.1,42.0,136.947368421053,126.99999999999984,0.0,0.0,118.04761904761935
916,18.35000013,42.05,18.45000013,41.95,18,532.191348099046,174.991182104303,312.96875,860.200012207031,39.5005852485238,18.4,42.0,399.31578947368223,371.4000000000011,0.0,0.0,321.4761904761895
917,18.45000013,42.05,18.55000013,41.95,18,272.520560537775,30.5004245077603,207.476470947266,350.649993896484,1583.88630318095,18.5,42.0,683.2631578947357,590.999999999999,1339.85,1338.904761904762,575.2857142857121
918,18.55000013,42.05,18.65000013,41.95,18,191.766310898794,18.5966306781905,155.087554931641,236.698928833008,4484.39539790476,18.6,42.0,3488.789473684213,1628.7499999999957,3018.3500000000004,4611.523809523809,3248.238095238108
919,18.65000013,42.05,18.75000013,41.95,18,141.450142160886,21.0138410524514,102.300003051758,250.949996948242,2094.29602420952,18.7,42.0,4799.947368421069,3020.800000000004,523.45,2205.0,4775.714285714299
920,18.75000013,42.05,18.85000013,41.95,18,93.6434212004145,9.4779578787458,74.7986602783203,181.550003051758,878.599723466667,18.8,42.0,1458.5263157894703,787.599999999999,254.15,902.2857142857144,1410.1904761904743
921,18.85000013,42.05,18.95000013,41.95,18,77.5232698172331,8.600534385711,48.5,96.859375,696.003501504762,18.9,42.0,578.7368421052631,489.3500000000005,494.94999999999993,640.4285714285714,593.0952380952373
922,18.95000013,42.05,19.05000013,41.95,18,70.594060163531,4.19081371285206,49.0843849182129,83.7226409912109,770.925728566667,19.0,42.0,368.1578947368419,249.95,598.75,726.3333333333334,375.09523809523796
923,19.05000013,42.05,19.15000013,41.95,18,40.2852103011941,18.794596935823,0.0,69.7521667480469,475.05930412381,19.1,42.0,415.736842105263,229.6,229.55,474.1428571428571,449.19047619047615
924,16.15000013,41.95,16.25000013,41.85,18,15.8973377126515,9.28039839994397,0.0,43.5999984741211,29.8533031295238,16.2,41.9,101.05263157894736,111.64999999999996,0.0,0.047619047619047616,100.00000000000006
925,16.25000013,41.95,16.35000013,41.85,18,44.4904459584504,13.1500285814034,19.25,71.0999984741211,559.46932227619,16.3,41.9,636.4210526315787,431.6500000000003,449.4,592.5238095238095,638.8571428571427
926,16.35000013,41.95,16.45000013,41.85,18,77.6597168582181,9.65318333073631,53.8499984741211,102.099998474121,973.909638990476,16.4,41.9,981.157894736842,647.1499999999994,714.95,1061.8095238095236,957.3809523809517
927,16.45000013,41.95,16.55000013,41.85,18,100.014203618798,6.52699806400632,82.5999984741211,114.699996948242,1071.70958280476,16.5,41.9,831.5263157894725,533.4499999999997,908.95,1202.5714285714284,788.5714285714273
928,16.55000013,41.95,16.65000013,41.85,18,116.384835008946,7.82492559771506,100.0,137.399993896484,1033.33276454762,16.6,41.9,723.0526315789471,367.70000000000033,813.8999999999999,1151.3333333333335,689.1428571428559
929,16.65000013,41.95,16.75000013,41.85,18,142.499922816952,10.5890005212136,111.080001831055,181.25,1345.83870724286,16.7,41.9,1643.736842105261,930.8999999999988,782.8499999999999,1406.1904761904761,1564.4761904761876
930,16.75000013,41.95,16.85000013,41.85,18,198.774104812079,28.0501221742784,146.699996948242,273.850006103516,2277.05986492857,16.8,41.9,1216.8947368421032,255.1500000000001,1489.6500000000003,2309.9523809523807,1150.8571428571386
931,16.85000013,41.95,16.95000013,41.85,18,389.514469620254,85.7110587349868,220.050003051758,536.150024414062,18.8219996921429,16.9,41.9,153.84210526315815,147.5,0.0,0.0,125.76190476190506
932,16.95000013,41.95,17.05000013,41.85,18,570.297710306115,48.2314259940621,444.100006103516,693.200012207031,0.422495425333333,17.0,41.9,155.00000000000043,154.65000000000012,0.0,0.0,139.4285714285714
933,17.05000013,41.95,17.15000013,41.85,18,760.561807108089,60.6920811552907,642.150024414062,878.75,0.0,17.1,41.9,130.05263157894754,128.04999999999978,0.0,0.0,114.42857142857173
934,18.35000013,41.95,18.45000013,41.85,18,658.774258842071,183.245008883695,350.049987792969,954.1640625,0.122926303095238,18.4,41.9,346.0526315789459,321.75000000000097,0.0,0.0,278.5238095238089
935,18.45000013,41.95,18.55000013,41.85,18,317.465210088425,33.4185468120733,238.528213500977,442.049987792969,708.940738919048,18.5,41.9,492.7368421052611,461.3500000000008,447.85,478.6666666666667,392.47619047618963
936,18.55000013,41.95,18.65000013,41.85,18,210.216061603692,36.5034473031667,120.031471252441,309.132049560547,5338.39916852381,18.6,41.9,1795.0526315789443,1160.7499999999964,4163.1,4539.428571428572,1624.9047619047583
937,18.65000013,41.95,18.75000013,41.85,18,128.126753773126,15.3989042928009,109.0,176.317687988281,1781.70179650476,18.7,41.9,4902.263157894751,4133.30000000001,1059.85,1753.6190476190473,4720.190476190489
938,18.75000013,41.95,18.85000013,41.85,18,107.231775331828,3.89571788880998,95.8600540161133,116.199996948242,911.765830719048,18.8,41.9,607.368421052631,546.8999999999995,912.25,882.3809523809524,570.1428571428563
939,18.85000013,41.95,18.95000013,41.85,18,94.5285456627607,4.16137073156176,83.8977966308594,104.042694091797,692.233397109524,18.9,41.9,663.2105263157897,614.1999999999991,577.5999999999999,669.8095238095237,665.2380952380943
940,18.95000013,41.95,19.05000013,41.85,18,85.5149925400813,5.36736314505161,70.2521667480469,93.1684875488281,724.718868852381,19.0,41.9,377.0526315789469,338.5500000000002,615.45,674.5714285714287,345.8095238095237
941,19.05000013,41.95,19.15000013,41.85,18,70.1595266101261,12.4620596195413,0.0,86.9135513305664,868.543449328571,19.1,41.9,453.1052631578942,383.1500000000002,725.9499999999999,752.4761904761905,483.1904761904762
942,19.15000013,41.95,19.25000013,41.85,18,29.998409584682,24.4577597714472,0.0,74.753303527832,509.266128780952,19.2,41.9,362.99999999999983,209.25,340.3,492.90476190476187,402.33333333333337
943,16.25000013,41.85,16.35000013,41.75,18,27.5881944205612,8.13495559294114,17.1000003814697,53.0499992370605,93.7301316090476,16.3,41.8,185.3684210526317,177.55000000000004,0.0,34.857142857142854,205.04761904761898
944,16.35000013,41.85,16.45000013,41.75,18,61.9641005123655,10.6427036275974,39.5499992370605,82.5500030517578,698.298472228571,16.4,41.8,632.3157894736836,378.00000000000017,460.15,751.0,661.4285714285709
945,16.45000013,41.85,16.55000013,41.75,18,87.1792264738017,5.57748076826187,73.25,99.6999969482422,858.2633559,16.5,41.8,936.3157894736842,663.2499999999997,712.5,911.0,914.6666666666653
946,16.55000013,41.85,16.65000013,41.75,18,100.837523289025,5.02740071501622,91.8499984741211,115.985000610352,819.379015642857,16.6,41.8,683.6315789473673,407.45000000000033,695.75,872.5238095238095,632.0952380952366
947,16.65000013,41.85,16.75000013,41.75,18,120.300139110949,11.7305499649266,101.099998474121,146.350006103516,894.253044266667,16.7,41.8,1233.2105263157882,764.8999999999999,627.0999999999999,943.5238095238095,1163.7619047619025
948,16.75000013,41.85,16.85000013,41.75,18,159.513562298483,19.026090369264,129.449996948242,218.899993896484,1566.33208532857,16.8,41.8,1376.5789473684194,404.1500000000004,801.0,1643.1904761904761,1314.1904761904746
949,16.85000013,41.85,16.95000013,41.75,18,327.063205328253,102.73536575581,166.050003051758,535.400024414062,125.536837349048,16.9,41.8,148.42105263157927,140.05000000000004,0.0,119.76190476190473,133.61904761904793
950,16.95000013,41.85,17.05000013,41.75,18,627.926453709602,66.3414685811412,460.700012207031,758.349975585938,0.009052264,17.0,41.8,166.94736842105297,164.1,0.0,0.0,152.23809523809547
951,18.45000013,41.85,18.55000013,41.75,18,441.567017088334,130.749198062442,305.59765625,815.450012207031,210.227246584762,18.5,41.8,402.9999999999982,384.20000000000095,0.05,0.0,332.571428571428
952,18.55000013,41.85,18.65000013,41.75,18,265.02784081714,52.9090312017338,115.608016967773,384.450012207031,1540.65596844286,18.6,41.8,559.7894736842102,521.0999999999998,1001.45,965.047619047619,467.6666666666661
953,18.65000013,41.85,18.75000013,41.75,18,153.549762184421,32.2325614496807,115.51171875,236.5625,2566.01901199048,18.7,41.8,2305.315789473686,1690.9499999999964,1670.6,2181.7142857142862,2165.3809523809614
954,18.75000013,41.85,18.85000013,41.75,18,125.786349819766,19.9684586673597,96.6451721191406,190.199996948242,1299.11842161429,18.8,41.8,1329.3684210526276,927.8999999999996,883.0999999999999,1237.0,1259.6666666666638
955,18.85000013,41.85,18.95000013,41.75,18,105.15600324091,7.5128715812599,92.9155578613281,137.4609375,867.438548157143,18.9,41.8,1032.6315789473665,748.999999999999,675.65,856.4761904761904,980.7142857142843
956,18.95000013,41.85,19.05000013,41.75,18,94.6504547281398,3.58777661364699,85.9117584228516,103.729713439941,786.284456247619,19.0,41.8,528.2631578947368,502.3500000000004,741.6999999999999,738.3333333333333,476.380952380952
957,19.05000013,41.85,19.15000013,41.75,18,86.8352502319548,3.65661136240657,75.2612991333008,93.5565185546875,856.406562833333,19.1,41.8,685.6315789473686,665.6499999999992,825.5,815.5714285714284,745.6666666666664
958,19.15000013,41.85,19.25000013,41.75,18,74.825934789247,8.38751151443515,44.4862976074219,89.4085922241211,1109.19064211905,19.2,41.8,440.157894736842,330.15000000000015,897.25,1055.6190476190477,464.14285714285717
959,19.25000013,41.85,19.35000013,41.75,18,51.5961886867881,13.7896402533099,16.110481262207,75.1984405517578,952.132461561905,19.3,41.8,411.10526315789457,184.4500000000001,639.7,878.047619047619,460.7142857142856
960,19.35000013,41.85,19.45000013,41.75,18,27.1688891855172,9.22574007083887,0.0,51.7739791870117,471.981949485714,19.4,41.8,303.0526315789473,47.34999999999999,208.35000000000005,490.99999999999994,311.7142857142856
961,19.45000013,41.85,19.55000013,41.75,18,33.3226288546705,13.1035252838351,0.0,76.4849548339844,976.102710133333,19.5,41.8,813.3157894736842,7.000000000000001,259.6,1034.9999999999998,794.1904761904761
962,16.25000013,41.75,16.35000013,41.65,18,25.2488986195789,5.92670003214324,17.2999992370605,38.9500007629395,46.9466820438095,16.3,41.7,63.473684210526336,66.34999999999997,0.0,0.0,60.190476190476204
963,16.35000013,41.75,16.45000013,41.65,18,53.5439073356489,9.62163635479346,36.9500007629395,73.1999969482422,437.655386933333,16.4,41.7,357.8421052631575,170.10000000000008,265.55,529.5238095238095,380.5238095238093
964,16.45000013,41.75,16.55000013,41.65,18,81.6319174278114,5.82973509905262,66.25,91.6500015258789,622.174749233333,16.5,41.7,517.8421052631575,318.80000000000007,556.65,687.7142857142857,522.0952380952377
965,16.55000013,41.75,16.65000013,41.65,18,94.9714682052533,3.11925182600178,88.25,101.800003051758,633.445630180952,16.6,41.7,716.5789473684209,608.9499999999996,613.3500000000001,695.2857142857143,700.4285714285706
966,16.65000013,41.75,16.75000013,41.65,18,108.799361901979,5.09083811458268,99.5500030517578,128.149993896484,676.73646992381,16.7,41.7,1322.4736842105249,911.9499999999996,360.6,737.0952380952383,1217.4761904761888
967,16.75000013,41.75,16.85000013,41.65,18,135.534695252776,9.80978640448342,113.699996948242,162.5,1020.88769601905,16.8,41.7,1134.947368421051,662.6999999999996,672.15,1115.9999999999998,1060.952380952379
968,16.85000013,41.75,16.95000013,41.65,18,273.924061387777,94.7385499037811,138.100006103516,456.0,129.828477482381,16.9,41.7,318.9999999999995,268.9000000000003,0.0,138.95238095238096,295.71428571428567
969,16.95000013,41.75,17.05000013,41.65,18,528.291650040282,96.6483337923345,214.5,719.650024414062,0.376294665333333,17.0,41.7,173.05263157894774,170.75000000000003,0.05,0.0,149.5714285714287
970,17.05000013,41.75,17.15000013,41.65,18,719.154853781474,102.127969448622,504.350006103516,893.5,0.0,17.1,41.7,164.57894736842147,154.50000000000006,0.0,0.0,143.2857142857144
971,18.55000013,41.75,18.65000013,41.65,18,488.83249834511,163.689048034473,241.3359375,855.700012207031,0.0485011738571429,18.6,41.7,439.3684210526301,418.3500000000009,0.0,0.0,362.3809523809521
972,18.65000013,41.75,18.75000013,41.65,18,273.165395801266,63.4031753433781,191.550003051758,542.799987792969,1137.10244628095,18.7,41.7,611.0526315789468,568.9999999999991,759.6999999999999,730.5714285714286,504.38095238095156
973,18.75000013,41.75,18.85000013,41.65,18,193.629636016157,23.4524219373538,139.6328125,298.12890625,3236.14934698095,18.8,41.7,1310.3684210526287,778.8499999999991,2412.65,2825.5714285714284,1190.9523809523782
974,18.85000013,41.75,18.95000013,41.65,18,142.637017311321,20.840802435466,104.229179382324,197.920593261719,1483.35988382857,18.9,41.7,2190.315789473684,1766.3999999999974,1070.0,1402.3809523809525,2145.5238095238187
975,18.95000013,41.75,19.05000013,41.65,18,115.813699937529,12.8927908136199,93.8962326049805,159.509902954102,1067.24717851905,19.0,41.7,1792.684210526313,1312.5999999999983,633.2500000000001,1130.1904761904761,1768.2857142857129
976,19.05000013,41.75,19.15000013,41.65,18,98.2385350681014,6.80234296429706,88.4017868041992,126.158729553223,942.919068071429,19.1,41.7,1102.9999999999989,710.0999999999996,625.2,973.5238095238095,1082.8571428571422
977,19.15000013,41.75,19.25000013,41.65,18,85.913495476875,4.65409494601351,74.2904434204102,98.6879348754883,1050.89047991905,19.2,41.7,691.9473684210526,615.6999999999996,952.25,1066.6666666666667,694.7142857142859
978,19.25000013,41.75,19.35000013,41.65,18,67.48497195873,7.68900867138575,50.8974609375,81.8963623046875,1134.14234341429,19.3,41.7,882.4210526315791,676.0999999999998,813.2499999999999,1096.0,997.8571428571427
979,19.35000013,41.75,19.45000013,41.65,18,42.4162466078997,6.04043787957097,29.9345588684082,53.6792297363281,851.02172247619,19.4,41.7,317.47368421052613,157.10000000000002,615.25,767.9047619047619,366.90476190476187
980,19.45000013,41.75,19.55000013,41.65,18,32.1268789723722,4.39688268079241,15.5817232131958,39.3140983581543,820.935482161905,19.5,41.7,176.36842105263156,29.9,638.25,743.142857142857,182.14285714285714
981,16.15000013,41.65,16.25000013,41.55,18,17.2741156466719,2.04293281091266,13.4499998092651,23.3999996185303,14.571901820381,16.2,41.6,1.2631578947368416,1.4500000000000004,0.0,0.0,1.142857142857143
982,16.25000013,41.65,16.35000013,41.55,18,28.2323838749694,5.23937610627389,18.7999992370605,38.4500007629395,59.9355759,16.3,41.6,37.47368421052633,40.64999999999998,0.0,0.0,34.85714285714288
983,16.35000013,41.65,16.45000013,41.55,18,50.1756781496935,7.46779221731575,37.0,66.0,292.558372190476,16.4,41.6,230.4736842105264,111.44999999999996,224.35,303.57142857142856,231.28571428571422
984,16.45000013,41.65,16.55000013,41.55,18,75.705924562696,6.5698600355067,61.5499992370605,88.0500030517578,427.120866576191,16.5,41.6,464.4736842105255,287.7000000000002,244.35,524.8571428571429,485.1904761904758
985,16.55000013,41.65,16.65000013,41.55,18,91.4673235722714,3.85411308164995,82.0999984741211,100.349998474121,474.122049985714,16.6,41.6,476.7894736842098,333.8500000000004,450.3,546.9047619047619,453.61904761904754
986,16.65000013,41.65,16.75000013,41.55,18,104.520594723523,3.69878775429667,96.6500015258789,113.550003051758,525.120170347619,16.7,41.6,782.4210526315784,654.4999999999998,590.4,568.8571428571429,740.8095238095227
987,16.75000013,41.65,16.85000013,41.55,18,120.881901156571,6.95324705090676,109.25,137.649993896484,655.407244533333,16.8,41.6,942.3684210526312,643.9500000000002,449.6,707.2380952380952,877.4761904761893
988,16.85000013,41.65,16.95000013,41.55,18,143.83063696656,10.5880629503607,127.550003051758,213.449996948242,1115.10055291429,16.9,41.6,1485.7368421052615,668.8000000000001,428.3,1222.9047619047617,1413.9047619047594
989,16.95000013,41.65,17.05000013,41.55,18,275.135286548071,91.2773398206004,154.949996948242,502.950012207031,799.145547214286,17.0,41.6,565.631578947368,371.6500000000002,625.8000000000001,757.0476190476189,541.2857142857137
990,17.05000013,41.65,17.15000013,41.55,18,481.330670068354,53.599657392191,367.450012207031,621.25,2.82369953609524,17.1,41.6,175.3157894736847,181.3,0.0,0.0,155.952380952381
991,17.15000013,41.65,17.25000013,41.55,18,628.919248829285,92.3004219496943,508.25,941.950012207031,0.0059816698095238,17.2,41.6,161.10526315789528,158.15000000000018,0.0,0.0,146.2857142857145
992,18.55000013,41.65,18.65000013,41.55,18,791.170628812578,73.8798506372626,427.549987792969,928.200012207031,0.0,18.6,41.6,351.7894736842089,339.50000000000045,0.0,0.0,302.3809523809517
993,18.65000013,41.65,18.75000013,41.55,18,488.788749701447,105.670337052879,303.49609375,770.75,5.75930106676191,18.7,41.6,502.2105263157879,487.7500000000007,0.0,0.0,438.3809523809519
994,18.75000013,41.65,18.85000013,41.55,18,307.469813310438,45.7156311946969,197.526596069336,402.350006103516,328.498605059524,18.8,41.6,725.2631578947354,688.5999999999987,233.9,263.42857142857144,610.7619047619044
995,18.85000013,41.65,18.95000013,41.55,18,207.187305313018,31.7474508125505,134.589599609375,269.872711181641,2157.82386785714,18.9,41.6,1301.5789473684174,959.3999999999988,1761.3000000000002,1960.1904761904761,1173.6190476190452
996,18.95000013,41.65,19.05000013,41.55,18,157.96411556585,12.085310146524,127.38094329834,187.532623291016,1996.57653568095,19.0,41.6,2562.894736842106,1792.949999999998,1332.9499999999998,2002.190476190476,2576.8095238095298
997,19.05000013,41.65,19.15000013,41.55,18,127.951170974308,11.996810590172,99.2325057983398,148.404357910156,1227.45462499524,19.1,41.6,1235.789473684208,982.8499999999992,1110.5000000000002,1272.6190476190477,1181.1904761904743
998,19.15000013,41.65,19.25000013,41.55,18,100.679310187697,11.7516344695474,79.8169555664062,130.719589233398,1079.79738951429,19.2,41.6,1654.5263157894724,1249.549999999999,664.0,1136.0,1686.6190476190463
999,19.25000013,41.65,19.35000013,41.55,18,68.4484974841277,10.2692807836033,48.7254676818848,92.3626327514648,1045.34153052857,19.3,41.6,1092.0526315789473,702.8,597.6999999999999,1033.2857142857142,1184.6190476190475
1000,19.35000013,41.65,19.45000013,41.55,18,34.0755843397799,12.6472936799759,0.0,54.7934837341309,337.146604674762,19.4,41.6,219.9473684210527,102.05,201.25,350.3809523809524,223.6190476190476
1001,19.45000013,41.65,19.55000013,41.55,18,16.3515737027499,12.3248789167208,0.0,34.5939445495605,700.637086804762,19.5,41.6,406.6315789473683,10.500000000000002,294.85,687.7619047619046,403.7619047619047
1002,16.15000013,41.55,16.25000013,41.45,18,20.1710611710118,1.81576626475066,16.6499996185303,24.1000003814697,16.9599484960952,16.2,41.5,5.473684210526316,5.849999999999999,0.0,0.0,4.333333333333333
1003,16.25000013,41.55,16.35000013,41.45,18,30.0854329079803,4.15841168820801,22.7000007629395,38.7999992370605,65.182850732381,16.3,41.5,55.26315789473684,63.39999999999998,0.0,0.0,44.23809523809524
1004,16.35000013,41.55,16.45000013,41.45,18,47.788758661184,6.2953063913057,34.75,61.2000007629395,230.910235057143,16.4,41.5,179.0526315789474,98.89999999999998,242.65,219.2857142857143,171.76190476190473
1005,16.45000013,41.55,16.55000013,41.45,18,69.7852431150774,6.34703485131403,54.4000015258789,81.8000030517578,328.306233033333,16.5,41.5,379.2105263157891,235.5500000000001,253.9,404.90476190476187,400.1904761904761
1006,16.55000013,41.55,16.65000013,41.45,18,87.3775662680467,4.47896662841757,77.0999984741211,96.4000015258789,390.758730080952,16.6,41.5,469.6842105263153,330.1000000000001,290.45,480.99999999999994,473.5238095238094
1007,16.65000013,41.55,16.75000013,41.45,18,101.346169802878,4.02525560855463,92.1999969482422,109.150001525879,433.910672271429,16.7,41.5,482.5789473684202,361.6500000000004,336.00000000000006,525.7619047619048,472.95238095238096
1008,16.75000013,41.55,16.85000013,41.45,18,113.869471677476,4.29936773913665,105.800003051758,127.050003051758,503.609922795238,16.8,41.5,697.3157894736836,475.1000000000002,407.05,558.6190476190476,657.5238095238088
1009,16.85000013,41.55,16.95000013,41.45,18,131.712831062575,6.72238024616267,117.199996948242,154.100006103516,675.720371733333,16.9,41.5,740.7894736842107,452.3500000000003,458.2,729.4285714285713,696.0952380952372
1010,16.95000013,41.55,17.05000013,41.45,18,165.929101634357,26.4528797715262,134.449996948242,363.549987792969,1167.74118649048,17.0,41.5,1656.4210526315787,820.0999999999993,474.15,1253.4761904761906,1591.095238095236
1011,17.05000013,41.55,17.15000013,41.45,18,373.037161615706,115.000049623877,166.100006103516,560.0,18.6441541885238,17.1,41.5,175.15789473684245,169.7000000000001,0.0,0.0,153.2380952380955
1012,17.15000013,41.55,17.25000013,41.45,18,600.007432417737,43.5926507963274,463.399993896484,692.099975585938,0.0368434412857143,17.2,41.5,196.26315789473747,187.3500000000004,0.0,0.0,164.76190476190487
1013,17.25000013,41.55,17.35000013,41.45,18,734.125580271085,56.303473731822,620.099975585938,885.299987792969,0.0,17.3,41.5,171.57894736842152,159.7500000000001,0.0,0.0,146.52380952380952
1014,18.65000013,41.55,18.75000013,41.45,18,548.333571874433,124.253172050105,402.350006103516,820.599975585938,3.57576755604762,18.7,41.5,432.7368421052611,428.1500000000007,0.0,0.0,378.99999999999983
1015,18.75000013,41.55,18.85000013,41.45,18,353.109481814835,35.0603576965188,244.006484985352,412.049987792969,166.315732410476,18.8,41.5,633.9473684210515,614.9999999999993,191.25,107.6190476190476,547.238095238094
1016,18.85000013,41.55,18.95000013,41.45,18,238.898142958681,40.6691383671412,151.064224243164,311.878540039062,1839.7922281619,18.9,41.5,980.6842105263142,804.0499999999988,1596.7000000000005,1669.857142857143,857.8095238095223
1017,18.95000013,41.55,19.05000013,41.45,18,145.80229379899,17.894141732147,115.773834228516,188.58039855957,1658.720553,19.0,41.5,2249.473684210528,1504.7499999999989,1028.15,1653.904761904762,2131.28571428572
1018,19.05000013,41.55,19.15000013,41.45,18,131.414681007465,5.27410610313439,120.744148254395,147.105804443359,1224.81382711905,19.1,41.5,1123.7368421052604,802.4999999999995,1046.2,1286.857142857143,1084.571428571428
1019,19.15000013,41.55,19.25000013,41.45,18,118.826274830434,8.35805113783555,93.117073059082,132.110687255859,1130.92775067143,19.2,41.5,1245.631578947367,982.85,969.5,1196.142857142857,1250.9523809523807
1020,19.25000013,41.55,19.35000013,41.45,18,71.5332456152472,18.0150238906074,33.7384300231934,108.338180541992,1040.54932122381,19.3,41.5,1234.9473684210516,819.7499999999992,527.9999999999999,984.8571428571428,1311.714285714285
1021,19.35000013,41.55,19.45000013,41.45,18,22.6795818138247,8.8472544730388,5.72640132904053,48.1253089904785,337.559354605238,19.4,41.5,370.7894736842104,141.45000000000002,119.94999999999996,361.52380952380946,348.42857142857144
1022,16.15000013,41.45,16.25000013,41.35,18,13.652227032422,6.70716207737829,0.0,22.5499992370605,7.929008222,16.2,41.4,3.947368421052632,4.899999999999999,0.0,0.0,2.8571428571428568
1023,16.25000013,41.45,16.35000013,41.35,18,22.6996738818578,4.56798241786208,8.64999961853027,34.5,17.7662708347619,16.3,41.4,42.52631578947369,42.35,0.0,0.0,33.857142857142854
1024,16.35000013,41.45,16.45000013,41.35,18,37.0840982964469,7.86711891960461,19.9500007629395,54.0,158.82483701381,16.4,41.4,163.52631578947376,93.3,152.55,165.28571428571428,145.42857142857142
1025,16.45000013,41.45,16.55000013,41.35,18,58.9082193892035,8.19748471321377,37.5,76.75,271.068721633333,16.5,41.4,331.5263157894734,203.85,240.0,275.3333333333333,313.4761904761902
1026,16.55000013,41.45,16.65000013,41.35,18,79.8636068362329,6.56187603808033,61.5499992370605,91.9499969482422,353.931623752381,16.6,41.4,455.368421052631,305.2500000000002,277.20000000000005,444.66666666666663,452.71428571428544
1027,16.65000013,41.45,16.75000013,41.35,18,95.7861057975226,4.42322641049724,82.75,105.599998474121,394.2788555,16.7,41.4,548.7894736842102,433.3000000000002,284.75,488.09523809523813,548.9047619047616
1028,16.75000013,41.45,16.85000013,41.35,18,107.89654957917,3.59804667045097,99.3499984741211,116.800003051758,433.601467690476,16.8,41.4,685.6842105263155,557.8499999999999,301.35,525.3809523809524,645.6666666666663
1029,16.85000013,41.45,16.95000013,41.35,18,120.505137952665,5.40559760120645,110.75,134.100006103516,500.196183904762,16.9,41.4,683.7894736842095,524.6000000000001,426.75,553.9047619047619,662.5714285714282
1030,16.95000013,41.45,17.05000013,41.35,18,139.370955811607,8.80364069880319,124.800003051758,166.581253051758,641.861364357143,17.0,41.4,1195.9473684210525,881.1499999999995,387.45,695.952380952381,1110.7619047619032
1031,17.05000013,41.45,17.15000013,41.35,18,238.047807688566,85.2255992678311,153.550003051758,513.25,1178.62701200952,17.1,41.4,657.1578947368417,269.1500000000001,903.85,1207.2380952380954,600.428571428571
1032,17.15000013,41.45,17.25000013,41.35,18,525.727803776662,87.9973461197758,308.049987792969,690.400024414062,0.602220964857143,17.2,41.4,214.0000000000007,204.1500000000002,0.0,0.0,200.2380952380952
1033,17.25000013,41.45,17.35000013,41.35,18,720.156629403432,48.7815953344891,620.25,840.650024414062,0.0,17.3,41.4,198.4736842105268,186.05000000000013,0.0,0.0,167.2857142857144
1034,18.65000013,41.45,18.75000013,41.35,18,631.906488554345,168.799582834559,408.149993896484,939.150024414062,0.0,18.7,41.4,406.63157894736696,380.9500000000008,0.0,0.0,339.0476190476185
1035,18.75000013,41.45,18.85000013,41.35,18,359.68764173819,33.3121699589721,244.833923339844,419.25,126.569588659048,18.8,41.4,587.4736842105256,567.6999999999994,0.0,82.95238095238096,510.6666666666663
1036,18.85000013,41.45,18.95000013,41.35,18,231.107029201256,47.6247349608737,142.356597900391,316.209167480469,1983.2609875619,18.9,41.4,961.2105263157888,824.2499999999997,1768.45,1760.8571428571431,829.9999999999987
1037,18.95000013,41.45,19.05000013,41.35,18,117.753548488849,10.9629112860521,102.854698181152,155.118637084961,1070.62949938095,19.0,41.4,2490.684210526314,2068.8000000000043,693.7500000000001,1077.4761904761906,2399.000000000007
1038,19.05000013,41.45,19.15000013,41.35,18,114.956988336311,6.36398458807123,101.83895111084,125.181129455566,848.459988161905,19.1,41.4,1390.3157894736837,1290.3999999999994,810.45,848.4285714285713,1439.8095238095225
1039,19.15000013,41.45,19.25000013,41.35,18,115.451219918827,6.21653490928161,97.8578796386719,124.874862670898,887.951274447619,19.2,41.4,953.3684210526316,840.3499999999995,913.65,915.4285714285714,958.5714285714282
1040,19.25000013,41.45,19.35000013,41.35,18,77.033501735371,19.146634826719,31.008861541748,108.723030090332,1019.0091033619,19.3,41.4,863.6842105263157,601.5999999999993,599.8000000000001,913.2380952380953,916.5238095238091
1041,16.35000013,41.35,16.45000013,41.25,18,10.0428452249228,9.78773629501122,0.0,36.4000015258789,6.13538855209524,16.4,41.3,17.52631578947369,13.150000000000002,0.0,0.0,12.9047619047619
1042,16.45000013,41.35,16.55000013,41.25,18,31.1468374276107,13.2638727608468,0.0,61.0499992370605,108.248168967619,16.5,41.3,201.1578947368421,139.54999999999993,0.0,55.61904761904761,166.76190476190476
1043,16.55000013,41.35,16.65000013,41.25,18,57.29708662774,12.5520382471338,24.2999992370605,82.3000030517578,292.216730214286,16.6,41.3,330.42105263157873,193.55000000000004,260.4,299.6190476190476,293.42857142857144
1044,16.65000013,41.35,16.75000013,41.25,18,81.1754992504915,10.5931662965997,51.0499992370605,99.0999984741211,377.420392152381,16.7,41.3,523.5789473684209,371.4000000000003,276.55,468.6666666666667,483.7142857142858
1045,16.75000013,41.35,16.85000013,41.25,18,100.242697539429,5.55077398498339,80.4499969482422,110.599998474121,419.855132528571,16.8,41.3,720.6315789473678,617.5999999999998,297.00000000000006,517.0,692.0476190476185
1046,16.85000013,41.35,16.95000013,41.25,18,112.749560669065,3.42529665467958,102.199996948242,124.400001525879,439.427419838095,16.9,41.3,505.8947368421042,376.35000000000025,333.8,530.4761904761905,474.76190476190476
1047,16.95000013,41.35,17.05000013,41.25,18,127.656508410143,8.73200828956458,115.599998474121,175.449996948242,486.242453404762,17.0,41.3,1361.3157894736814,958.5999999999996,193.5,552.3809523809523,1308.3809523809518
1048,17.05000013,41.35,17.15000013,41.25,18,222.169444977213,91.8256102840018,128.850006103516,483.700012207031,343.660992490476,17.1,41.3,232.5263157894741,142.1500000000001,293.6499999999999,413.23809523809524,209.6666666666666
1049,17.15000013,41.35,17.25000013,41.25,18,420.675297420886,170.552637687599,143.899993896484,724.650024414062,0.0256479984761905,17.2,41.3,233.368421052632,222.65,0.0,0.0,212.09523809523827
1050,17.25000013,41.35,17.35000013,41.25,18,588.753416513403,227.629793223631,157.100006103516,866.0,0.0,17.3,41.3,211.47368421052684,204.39999999999995,0.0,0.0,190.9523809523811
1051,18.65000013,41.35,18.75000013,41.25,18,642.177573376232,161.072327574126,415.450012207031,963.400024414062,0.0,18.7,41.3,368.1052631578935,356.90000000000043,0.0,0.0,324.52380952380923
1052,18.75000013,41.35,18.85000013,41.25,18,364.813740420673,40.6963965766025,235.837265014648,419.399993896484,88.0584437885714,18.8,41.3,564.9473684210514,550.9499999999996,0.0,15.857142857142856,497.1428571428564
1053,18.85000013,41.35,18.95000013,41.25,18,242.826940975255,48.0936851539401,144.725952148438,325.906585693359,1020.9873961,18.9,41.3,887.7894736842095,785.3999999999986,851.6500000000001,935.3809523809524,780.8571428571414
1054,18.95000013,41.35,19.05000013,41.25,18,104.844058078196,17.1186580455079,87.8127822875977,158.51643371582,716.4448236,19.0,41.3,2186.315789473685,1885.0499999999995,352.15000000000003,667.2857142857142,2122.9047619047665
1055,19.05000013,41.35,19.15000013,41.25,18,96.4447249207232,6.57848859854911,87.892204284668,111.13793182373,524.718495633809,19.1,41.3,1038.9999999999989,1034.8999999999994,577.35,484.4761904761905,1022.2380952380946
1056,19.15000013,41.35,19.25000013,41.25,18,92.773577362299,7.16517350583289,82.8890991210938,111.333190917969,537.708373643333,19.2,41.3,1252.4736842105256,1157.2499999999995,431.35,518.6666666666667,1269.8571428571422
1057,19.25000013,41.35,19.35000013,41.25,18,81.5861237972147,7.91508867656092,53.2570686340332,97.624885559082,823.193587866667,19.3,41.3,541.7894736842105,396.3000000000002,622.8499999999999,731.047619047619,545.9047619047616
1058,19.35000013,41.35,19.45000013,41.25,18,25.4770242467316,18.7447420100393,0.0,66.6807708740234,203.781216459048,19.4,41.3,370.9999999999999,281.15000000000003,124.20000000000002,183.61904761904765,400.3333333333332
1059,16.65000013,41.25,16.75000013,41.15,18,30.7204238437246,24.1943829229029,0.0,79.3000030517578,31.3983512014286,16.7,41.2,103.78947368421056,86.34999999999997,0.0,0.0,87.42857142857149
1060,16.75000013,41.25,16.85000013,41.15,18,60.7374383504632,26.7119930070761,0.0,101.75,409.116434861905,16.8,41.2,351.9473684210522,162.1500000000002,252.25,500.57142857142856,308.8571428571428
1061,16.85000013,41.25,16.95000013,41.15,18,91.8245652835402,19.6699820960053,25.076000213623,116.800003051758,451.523513295238,16.9,41.2,348.3157894736838,230.75000000000003,372.1,527.0,306.80952380952357
1062,16.95000013,41.25,17.05000013,41.15,18,112.057622852425,8.58088370839396,69.5999984741211,128.350006103516,449.007369085714,17.0,41.2,716.6315789473672,557.4499999999995,356.95000000000005,523.8095238095237,656.3333333333328
1063,17.05000013,41.25,17.15000013,41.15,18,125.649545305783,7.77963524422198,112.650001525879,146.100006103516,473.121569438095,17.1,41.2,543.263157894736,352.00000000000034,365.9,544.7142857142857,513.2380952380946
1064,17.15000013,41.25,17.25000013,41.15,18,138.076714267333,8.2662012879048,119.400001525879,159.154159545898,727.876867966667,17.2,41.2,1017.894736842105,810.5499999999995,555.0000000000001,759.1428571428572,951.2380952380938
1065,17.25000013,41.25,17.35000013,41.15,18,196.879849740201,88.9269097553578,134.0,657.049987792969,1241.5846724381,17.3,41.2,1292.052631578947,674.5999999999996,792.4000000000001,1302.666666666667,1204.3809523809507
1066,17.35000013,41.25,17.45000013,41.15,18,446.117644578218,148.992632598063,172.399993896484,840.849975585938,26.9658830491905,17.4,41.2,213.42105263157944,207.1500000000001,0.0,0.0,188.3333333333335
1067,17.45000013,41.25,17.55000013,41.15,18,710.306222713656,116.478935337284,440.0,900.0,0.0,17.5,41.2,218.9473684210531,214.60000000000045,0.0,0.0,193.33333333333317
1068,18.65000013,41.25,18.75000013,41.15,18,660.157920297649,132.529825799891,365.450500488281,889.650024414062,0.0013592767142857,18.7,41.2,359.2105263157882,344.65000000000066,0.0,0.0,313.28571428571405
1069,18.75000013,41.25,18.85000013,41.15,18,371.855068693558,32.4199423901604,292.875610351562,470.352905273438,62.9288549450476,18.8,41.2,544.6315789473673,535.6500000000001,0.0,0.0,480.0476190476186
1070,18.85000013,41.25,18.95000013,41.15,18,253.233298166758,54.3552611260808,115.570343017578,331.495971679688,580.743733476667,18.9,41.2,793.1052631578938,757.4999999999991,543.7,479.0952380952381,703.047619047618
1071,18.95000013,41.25,19.05000013,41.15,18,102.006080933743,12.0344938623159,87.9072418212891,160.854125976562,603.082442347143,19.0,41.2,2387.263157894738,2104.8,290.9,581.1428571428573,2399.857142857147
1072,19.05000013,41.25,19.15000013,41.15,18,90.8309295301636,1.60633154472206,86.8011169433594,95.4480819702148,360.513620437143,19.1,41.2,868.3157894736838,901.2999999999992,278.1,346.1904761904762,860.0952380952381
1073,19.15000013,41.25,19.25000013,41.15,18,85.4732812618216,2.00027984496997,81.7912216186523,90.1990127563477,376.805027091429,19.2,41.2,592.5263157894734,617.9499999999995,297.7,391.9047619047619,600.0952380952375
1074,19.25000013,41.25,19.35000013,41.15,18,79.1390940224131,5.35632156871238,64.7187652587891,87.593620300293,605.056529747619,19.3,41.2,426.78947368421046,366.85,516.4499999999999,578.1428571428572,444.3333333333333
1075,19.35000013,41.25,19.45000013,41.15,18,29.3387159666874,19.0303250390323,1.3046875,66.688102722168,240.423098400952,19.4,41.2,216.15789473684217,120.65,138.5,207.4761904761905,229.47619047619042
1076,16.95000013,41.15,17.05000013,41.05,18,30.315197176203,32.5361240974654,0.0,112.300003051758,35.5988575780952,17.0,41.1,155.84210526315798,141.6,0.0,0.0,143.2380952380952
1077,17.05000013,41.15,17.15000013,41.05,18,62.743491872601,40.8408150221844,0.0,119.199996948242,369.100493257143,17.1,41.1,393.4736842105257,237.20000000000007,243.85,448.2380952380951,370.80952380952357
1078,17.15000013,41.15,17.25000013,41.05,18,100.497357940922,23.3479016962134,25.5499992370605,133.050003051758,619.1977318,17.2,41.1,590.4736842105261,475.5000000000001,563.8,654.8571428571429,565.1904761904758
1079,17.25000013,41.15,17.35000013,41.05,18,121.108702417049,13.3443458946238,87.5500030517578,168.350006103516,785.314213985714,17.3,41.1,1111.6842105263136,740.0999999999992,500.1,818.8095238095239,1043.999999999999
1080,17.35000013,41.15,17.45000013,41.05,18,194.796290848818,94.248950241417,98.0,505.549987792969,1436.34915900952,17.4,41.1,987.7368421052624,385.4000000000001,979.95,1490.5714285714282,932.2857142857134
1081,17.45000013,41.15,17.55000013,41.05,18,461.392757048209,147.861494595353,129.850006103516,682.0,0.679443359619048,17.5,41.1,260.4736842105264,248.05000000000004,0.0,0.0,236.61904761904773
1082,17.55000013,41.15,17.65000013,41.05,18,648.130577041043,108.389941355521,379.899993896484,821.700012207031,0.0,17.6,41.1,230.6842105263161,213.05000000000024,0.0,0.0,202.0952380952381
1083,17.65000013,41.15,17.75000013,41.05,18,738.214534487989,137.305104642911,363.350006103516,904.450012207031,0.0,17.7,41.1,236.6315789473689,230.5000000000004,0.0,0.0,210.1904761904761
1084,18.65000013,41.15,18.75000013,41.05,18,724.629665589995,87.8064952508067,471.214874267578,873.061401367188,0.0,18.7,41.1,351.052631578946,337.9500000000004,0.0,0.0,307.5238095238088
1085,18.75000013,41.15,18.85000013,41.05,18,415.619633492496,69.8181944833077,308.350402832031,669.383239746094,42.2557089992857,18.8,41.1,507.5789473684195,496.7000000000008,0.0,0.0,449.3333333333329
1086,18.85000013,41.15,18.95000013,41.05,18,250.309596400294,53.8768872805454,115.604942321777,360.551605224609,650.055690523333,18.9,41.1,689.8421052631571,663.5499999999995,509.1499999999999,502.1904761904762,629.714285714284
1087,18.95000013,41.15,19.05000013,41.05,18,105.083867324723,8.50469222878852,89.7139892578125,167.563232421875,611.439742352381,19.0,41.1,2401.368421052632,2135.500000000001,292.1,577.1904761904761,2418.952380952384
1088,19.05000013,41.15,19.15000013,41.05,18,92.0326392857565,3.0542849314565,85.8130416870117,103.743453979492,345.200001435714,19.1,41.1,586.421052631579,600.9999999999998,272.95000000000005,330.76190476190476,608.9999999999995
1089,19.15000013,41.15,19.25000013,41.05,18,84.6569438378016,1.2341782666293,81.0532379150391,89.0625076293945,355.079106662857,19.2,41.1,695.2105263157895,726.9499999999995,292.3,377.8571428571429,709.190476190476
1090,19.25000013,41.15,19.35000013,41.05,18,75.336498412821,5.28420730657456,57.8542175292969,84.0846099853516,526.347942516667,19.3,41.1,364.99999999999983,321.5500000000001,515.1499999999999,488.2380952380952,389.38095238095246
1091,19.35000013,41.15,19.45000013,41.05,18,30.4668883845831,19.6507556274278,0.0,67.3705978393555,294.039221058095,19.4,41.1,197.94736842105263,60.74999999999999,140.79999999999998,269.0476190476191,205.52380952380955
1092,17.25000013,41.05,17.35000013,40.95,18,62.2321627404179,32.5404763924243,0.0,105.400001525879,611.471597,17.3,41.0,361.210526315789,221.45000000000013,476.05,594.9047619047619,348.14285714285717
1093,17.35000013,41.05,17.45000013,40.95,18,91.4211208927963,25.9281973564009,40.8499984741211,129.350006103516,852.273927419048,17.4,41.0,423.8421052631573,242.9000000000001,763.3,857.4761904761906,403.99999999999983
1094,17.45000013,41.05,17.55000013,40.95,18,121.870160652118,25.3830954972289,52.9500007629395,377.450012207031,1190.46837924762,17.5,41.0,1036.4210526315785,341.75000000000017,631.9000000000001,1252.857142857143,989.1904761904757
1095,17.55000013,41.05,17.65000013,40.95,18,199.63882388754,119.963260708116,108.900001525879,466.799987792969,1514.7671776381,17.6,41.0,1256.9473684210525,414.85,853.15,1575.7142857142858,1190.8571428571415
1096,17.65000013,41.05,17.75000013,40.95,18,245.919661608007,136.502033045407,112.199996948242,583.150024414062,2033.2325285381,17.7,41.0,642.8421052631584,144.6,1567.9500000000005,1960.095238095238,599.7619047619037
1097,17.75000013,41.05,17.85000013,40.95,18,271.326437635554,158.405285374719,118.0,586.75,1610.42625485238,17.8,41.0,646.8421052631581,209.5,1106.1999999999998,1444.5714285714287,617.285714285714
1098,17.85000013,41.05,17.95000013,40.95,18,352.560684730609,211.663744547108,128.25,827.599975585938,670.055573528571,17.9,41.0,357.3157894736839,214.85000000000005,454.8,572.5238095238095,328.2380952380954
1099,17.95000013,41.05,18.05000013,40.95,18,445.269004874759,242.40405098848,126.099998474121,842.549987792969,7.03710859080952,18.0,41.0,255.36842105263216,245.8500000000004,0.0,0.0,233.61904761904762
1100,18.05000013,41.05,18.15000013,40.95,18,615.092225215501,198.486281730751,180.550003051758,899.549987792969,0.007605855047619,18.1,41.0,255.0526315789477,247.45000000000027,0.0,0.0,229.52380952380946
1101,18.65000013,41.05,18.75000013,40.95,18,761.170133286052,82.6816388798937,536.496459960938,881.288513183594,0.0,18.7,41.0,354.6842105263144,331.3000000000003,0.0,0.0,302.1904761904759
1102,18.75000013,41.05,18.85000013,40.95,18,498.863084822893,78.34200390309,323.945129394531,692.0390625,1.01691169014286,18.8,41.0,484.1052631578932,464.55000000000064,0.0,0.0,438.0476190476189
1103,18.85000013,41.05,18.95000013,40.95,18,306.863108038902,42.1904767040807,172.529495239258,396.871002197266,166.948052357619,18.9,41.0,581.6315789473673,568.3499999999996,236.8,121.95238095238098,532.2857142857127
1104,18.95000013,41.05,19.05000013,40.95,18,140.253734829525,49.5528249888278,89.6715927124023,299.602874755859,766.986956885714,19.0,41.0,2217.052631578946,1817.2999999999984,270.1,714.5238095238094,2237.6190476190513
1105,19.05000013,41.05,19.15000013,40.95,18,100.263085886836,4.64451177722869,88.2836227416992,109.16724395752,479.904816808571,19.1,41.0,525.1052631578948,520.9999999999995,431.8,423.4761904761904,561.8571428571424
1106,19.15000013,41.05,19.25000013,40.95,18,87.4529272698694,5.15641064265646,80.8000259399414,102.2958984375,421.685543134286,19.2,41.0,684.6315789473686,606.7499999999994,229.1,459.9047619047619,691.3333333333329
1107,19.25000013,41.05,19.35000013,40.95,18,70.0875734612346,10.2973800675093,37.5471153259277,84.0867767333984,546.796849133333,19.3,41.0,310.36842105263145,236.50000000000009,461.35,469.0952380952381,328.2380952380951
1108,19.35000013,41.05,19.45000013,40.95,18,20.6676070020638,14.9482578889228,0.0,58.2805252075195,104.025619295714,19.4,41.0,38.73684210526316,18.3,0.0,42.04761904761905,41.42857142857144
1109,17.35000013,40.95,17.45000013,40.85,18,23.1364623419617,19.7433779994414,0.0,57.0,41.0465383214286,17.4,40.9,101.21052631578952,96.54999999999994,0.0,0.0,106.4761904761905
1110,17.45000013,40.95,17.55000013,40.85,18,59.5550689999687,22.6845305447218,0.0,108.150001525879,660.817836585714,17.5,40.9,608.3157894736839,359.2500000000003,430.1,689.952380952381,619.3809523809521
1111,17.55000013,40.95,17.65000013,40.85,18,90.0089076819519,16.6806901291451,44.2960014343262,117.300003051758,827.85657,17.6,40.9,446.1578947368416,296.5,757.75,834.5238095238095,466.1904761904757
1112,17.65000013,40.95,17.75000013,40.85,18,104.919276330206,9.64374292198694,78.1500015258789,122.0,812.450521995238,17.7,40.9,645.9999999999994,490.35,760.0500000000001,830.4285714285716,660.0476190476192
1113,17.75000013,40.95,17.85000013,40.85,18,114.608219482005,6.38862043271473,102.050003051758,130.149993896484,701.484232595238,17.8,40.9,441.5789473684206,257.1000000000001,556.05,743.5238095238096,434.90476190476187
1114,17.85000013,40.95,17.95000013,40.85,18,118.024140733812,8.00489527622154,99.5500030517578,139.550003051758,582.471056485714,17.9,40.9,460.4736842105257,263.40000000000003,512.1,621.6190476190476,436.09523809523785
1115,17.95000013,40.95,18.05000013,40.85,18,127.384700521827,12.9326775580818,109.0,171.399993896484,720.732212128571,18.0,40.9,1205.0526315789468,800.7999999999996,335.54999999999995,732.5714285714286,1154.2857142857133
1116,18.05000013,40.95,18.15000013,40.85,18,196.362830200957,79.77771714624,113.150001525879,535.25,1553.28142424286,18.1,40.9,1242.1052631578928,620.1500000000001,962.85,1499.761904761905,1187.238095238094
1117,18.15000013,40.95,18.25000013,40.85,18,550.351340957814,130.453574536327,220.050003051758,780.299987792969,0.312271996333333,18.2,40.9,252.94736842105328,250.80000000000027,0.0,0.0,232.23809523809507
1118,18.25000013,40.95,18.35000013,40.85,18,756.340740773413,47.8195124611423,607.150024414062,842.3828125,0.0,18.3,40.9,270.2631578947372,266.50000000000006,0.0,0.0,250.9999999999999
1119,18.75000013,40.95,18.85000013,40.85,18,618.162631134192,119.012433030124,319.414215087891,850.700012207031,0.0248715611904762,18.8,40.9,457.842105263156,454.40000000000026,0.0,0.0,415.2380952380953
1120,18.85000013,40.95,18.95000013,40.85,18,344.323081360923,51.9886525866809,262.032012939453,585.18701171875,312.186917472857,18.9,40.9,552.1052631578939,546.6499999999997,0.0,0.0,503.904761904761
1121,18.95000013,40.95,19.05000013,40.85,18,203.237613526483,69.0691127194677,105.323524475098,325.040405273438,1698.33106961905,19.0,40.9,2061.315789473683,1189.9999999999975,722.6,1571.4761904761904,2060.619047619051
1122,19.05000013,40.95,19.15000013,40.85,18,108.569088371264,12.521147750991,95.8655166625977,158.210693359375,608.925771145238,19.1,40.9,1043.052631578946,648.2499999999994,241.1,614.3333333333334,1038.0476190476186
1123,19.15000013,40.95,19.25000013,40.85,18,93.1072871800926,7.4520606779764,80.596794128418,110.664909362793,545.12306954619,19.2,40.9,668.7368421052631,503.7000000000001,416.65,511.4761904761904,659.333333333333
1124,19.25000013,40.95,19.35000013,40.85,18,61.9139356967062,17.6801256484746,12.5304355621338,84.8165130615234,588.526895728571,19.3,40.9,277.5263157894736,147.80000000000004,408.95,499.57142857142856,285.1904761904761
1125,17.55000013,40.85,17.65000013,40.75,18,25.2857586594635,25.4060035080625,0.0,79.5,39.3542884090476,17.6,40.8,100.31578947368423,83.39999999999995,0.0,0.0,94.80952380952387
1126,17.65000013,40.85,17.75000013,40.75,18,56.8339826494921,31.6841025618385,0.0,105.360000610352,441.22879477619,17.7,40.8,464.57894736842064,264.10000000000014,261.15000000000003,495.4761904761905,441.8571428571428
1127,17.75000013,40.85,17.85000013,40.75,18,90.5393745313502,15.0101050620659,21.3843746185303,109.150001525879,510.124224957143,17.8,40.8,434.9473684210523,368.35000000000025,528.25,523.7142857142858,444.9999999999998
1128,17.85000013,40.85,17.95000013,40.75,18,104.994054785205,5.71755782749483,84.7399978637695,115.150001525879,440.113692338095,17.9,40.8,375.473684210526,294.2500000000001,354.00000000000006,524.0,363.57142857142844
1129,17.95000013,40.85,18.05000013,40.75,18,113.765534415841,3.76291058960496,96.7350006103516,121.949996948242,535.072070090476,18.0,40.8,431.9473684210522,361.0000000000002,645.8,567.9523809523808,417.1428571428569
1130,18.05000013,40.85,18.15000013,40.75,18,123.8774497509,7.3327051935783,112.650001525879,213.050003051758,995.439538528571,18.1,40.8,1517.3684210526308,600.1500000000001,207.4,1088.5238095238096,1452.9047619047612
1131,18.15000013,40.85,18.25000013,40.75,18,227.651543685959,131.883426707497,115.5,602.299987792969,2285.00168208095,18.2,40.8,1265.6842105263154,289.3500000000002,1440.6500000000003,2287.52380952381,1196.2857142857129
1132,18.25000013,40.85,18.35000013,40.75,18,456.345100788607,176.348376999295,132.199996948242,737.349975585938,14.1108102064762,18.3,40.8,266.31578947368445,257.85,0.0,0.0,246.76190476190456
1133,18.35000013,40.85,18.45000013,40.75,18,635.765435205566,105.432967827847,248.0,783.75,0.0019418167619047,18.4,40.8,266.7368421052635,261.4500000000004,0.0,0.0,249.19047619047592
1134,18.45000013,40.85,18.55000013,40.75,18,718.644004964166,59.894760934467,466.850006103516,807.049987792969,0.0,18.5,40.8,278.57894736842087,270.55000000000047,0.0,0.0,260.1904761904762
1135,18.55000013,40.85,18.65000013,40.75,18,783.348128100236,31.2932550684624,687.25,838.450012207031,0.0,18.6,40.8,279.7368421052629,278.90000000000066,0.0,0.0,270.4761904761903
1136,18.75000013,40.85,18.85000013,40.75,18,782.068859948052,77.169980689489,557.546936035156,857.849975585938,0.0,18.8,40.8,413.5263157894724,396.9500000000005,0.0,0.0,385.90476190476136
1137,18.85000013,40.85,18.95000013,40.75,18,520.624733002649,153.00277669013,243.557876586914,802.664306640625,0.300244353380952,18.9,40.8,517.789473684209,498.2000000000007,0.0,0.0,473.8571428571425
1138,18.95000013,40.85,19.05000013,40.75,18,216.60755899383,82.6002007931142,102.658233642578,411.010528564453,2585.52359007619,19.0,40.8,1894.57894736842,1081.3999999999992,1310.05,2052.809523809524,1842.7619047619023
1139,19.05000013,40.85,19.15000013,40.75,18,133.208652419349,20.9174683770631,98.7885284423828,167.939041137695,959.186757771429,19.1,40.8,813.0000000000001,518.1499999999997,616.0500000000001,867.3333333333333,820.8095238095234
1140,19.15000013,40.85,19.25000013,40.75,18,90.106033515599,8.66596059661988,72.9983749389648,114.98233795166,642.043991704762,19.2,40.8,978.2631578947368,742.9500000000002,365.65,603.047619047619,931.8571428571423
1141,19.25000013,40.85,19.35000013,40.75,18,41.8036664996503,25.023841277664,4.73284530639648,79.9131546020508,222.333483054286,19.3,40.8,167.78947368421058,96.65000000000002,155.25,179.57142857142858,164.33333333333334
1142,17.85000013,40.75,17.95000013,40.65,18,44.6155395344184,39.1855071988987,0.0,103.584999084473,123.82354103381,17.9,40.7,132.7368421052632,77.54999999999993,0.0,114.71428571428572,112.4285714285715
1143,17.95000013,40.75,18.05000013,40.65,18,76.5715083371486,33.4241399077898,0.0,118.0,490.0905449,18.0,40.7,347.8421052631579,181.64999999999995,429.55,524.0,318.142857142857
1144,18.05000013,40.75,18.15000013,40.65,18,94.8668626240558,30.9648944335801,18.625,128.75,834.909307995238,18.1,40.7,485.5789473684207,315.9500000000003,768.75,829.4285714285714,456.85714285714266
1145,18.15000013,40.75,18.25000013,40.65,18,119.779524736934,11.755641485076,64.4499969482422,133.050003051758,1316.29958929048,18.2,40.7,307.26315789473625,195.00000000000003,1303.3,1339.9047619047622,281.9523809523809
1146,18.25000013,40.75,18.35000013,40.65,18,132.852718917032,23.2137890637685,109.75,287.850006103516,1197.69700334286,18.3,40.7,1212.2105263157882,294.5500000000001,442.2000000000001,1272.0476190476188,1147.7142857142856
1147,18.35000013,40.75,18.45000013,40.65,18,198.596700385213,99.2140607911523,116.800003051758,564.450012207031,1040.52900032381,18.4,40.7,682.6315789473682,272.2499999999999,598.4999999999999,990.4285714285714,645.3333333333327
1148,18.45000013,40.75,18.55000013,40.65,18,387.880443635914,152.190213437671,130.550003051758,713.099975585938,39.72214039,18.5,40.7,249.15789473684256,242.00000000000023,0.0,0.0,240.28571428571416
1149,18.55000013,40.75,18.65000013,40.65,18,655.708497524261,86.1550255521981,333.5,775.849975585938,0.0010343712857142,18.6,40.7,276.5263157894737,268.85000000000014,0.0,0.0,259.0476190476188
1150,18.65000013,40.75,18.75000013,40.65,18,781.918175227112,28.9889872751245,694.049987792969,847.099975585938,0.0,18.7,40.7,300.5263157894732,300.5000000000002,0.0,0.0,295.71428571428544
1151,18.85000013,40.75,18.95000013,40.65,18,778.589154839516,69.7833835699721,419.569671630859,835.679443359375,0.0,18.9,40.7,445.4736842105255,442.6500000000004,0.0,0.0,425.71428571428504
1152,18.95000013,40.75,19.05000013,40.65,18,419.897931997975,171.711984070265,129.324310302734,765.882141113281,3.13774864333333,19.0,40.7,531.0526315789464,544.1499999999999,0.0,0.0,526.8095238095228
1153,19.05000013,40.75,19.15000013,40.65,18,171.681519082851,35.5801322172784,113.620727539062,365.800048828125,2309.52801296191,19.1,40.7,1506.7894736842086,698.2000000000002,1294.25,2028.2380952380954,1483.6190476190466
1154,19.15000013,40.75,19.25000013,40.65,18,91.0547025634183,15.3568045230595,63.6428871154785,147.444961547852,812.7784604,19.2,40.7,1769.210526315789,1299.599999999999,336.94999999999993,736.6666666666666,1657.9999999999989
1155,19.25000013,40.75,19.35000013,40.65,18,27.1200536147226,22.9145248735802,0.0,75.331916809082,136.81051366381,19.3,40.7,151.26315789473685,91.59999999999998,7.550000000000001,135.47619047619048,152.7142857142857
1156,18.05000013,40.65,18.15000013,40.55,18,27.2685612418378,12.3786894023368,0.0,63.3499984741211,23.2087323328571,18.1,40.6,200.0,227.75000000000009,0.0,0.0,205.28571428571436
1157,18.15000013,40.65,18.25000013,40.55,18,73.9478138360298,17.033934149628,29.6035308837891,119.150001525879,614.196370776191,18.2,40.6,1015.2631578947368,767.4999999999997,374.00000000000006,643.2380952380954,1056.7619047619041
1158,18.25000013,40.65,18.35000013,40.55,18,107.122982424994,7.76717982359059,87.75,126.400001525879,856.388496080952,18.3,40.6,606.210526315789,305.40000000000026,672.5500000000001,894.952380952381,617.6190476190474
1159,18.35000013,40.65,18.45000013,40.55,18,113.206624956595,5.6375580330743,95.4000015258789,130.600006103516,778.015952038095,18.4,40.6,357.57894736842064,151.74999999999997,646.3000000000001,795.7142857142856,334.4761904761904
1160,18.45000013,40.65,18.55000013,40.55,18,134.712245061166,32.3876865024682,102.650001525879,321.649993896484,811.922112880952,18.5,40.6,1282.947368421052,686.9,276.20000000000005,811.3809523809525,1242.7142857142856
1161,18.55000013,40.65,18.65000013,40.55,18,464.949224304822,150.61282785556,115.699996948242,690.75,6.26310103252381,18.6,40.6,239.8421052631584,231.05000000000013,0.0,0.0,225.7619047619048
1162,18.65000013,40.65,18.75000013,40.55,18,721.988780736923,31.1089706219621,645.25,787.400024414062,0.0,18.7,40.6,278.89473684210503,279.65000000000015,0.0,0.0,268.6666666666665
1163,18.95000013,40.65,19.05000013,40.55,18,591.466105706162,115.195861743094,375.346862792969,779.349975585938,0.368140069714286,19.0,40.6,465.21052631578846,474.8500000000006,0.05,0.0,468.4285714285708
1164,19.05000013,40.65,19.15000013,40.55,18,288.945400835739,61.642275238704,150.193893432617,415.136169433594,411.137845784762,19.1,40.6,503.5789473684206,494.15000000000055,221.3,321.7142857142857,503.42857142857105
1165,19.15000013,40.65,19.25000013,40.55,18,125.161305786007,35.0946767672211,70.1366271972656,231.925476074219,1276.12929198095,19.2,40.6,2252.84210526316,1419.299999999999,455.75,1181.0476190476195,2132.714285714288
1166,19.25000013,40.65,19.35000013,40.55,18,28.5637112350927,25.157558677168,0.0,87.0345230102539,116.699461473333,19.3,40.6,278.4210526315789,245.05000000000013,0.0,96.66666666666669,283.7142857142857
1167,17.05000013,40.55,17.15000013,40.45,19,15.7580625298609,16.1577847146939,0.0,83.0982894897461,24.7418527984762,17.1,40.5,32.00000000000001,29.95000000000001,0.0,0.0,27.57142857142856
1168,18.15000013,40.55,18.25000013,40.45,18,25.1165459498427,21.0797540635897,0.0,88.5,12.5915734399048,18.2,40.5,299.7894736842103,286.15,0.0,0.0,292.85714285714295
1169,18.25000013,40.55,18.35000013,40.45,18,88.816259863269,17.4952724787652,12.8299999237061,107.150001525879,672.328102133333,18.3,40.5,552.5263157894735,432.19999999999993,537.0,672.0,567.7619047619045
1170,18.35000013,40.55,18.45000013,40.45,18,104.250174254179,2.15243238671748,93.8000030517578,111.5,772.037731028571,18.4,40.5,197.73684210526324,130.59999999999997,747.9499999999999,788.9047619047619,203.00000000000003
1171,18.45000013,40.55,18.55000013,40.45,18,114.039855233497,5.67838084774192,101.865608215332,126.25,946.975436671429,18.5,40.5,1266.4210526315785,890.6000000000003,585.6,959.4761904761905,1259.2857142857138
1172,18.55000013,40.55,18.65000013,40.45,18,321.17713269343,192.148165431426,114.099998474121,668.900024414062,1137.50634302857,18.6,40.5,592.9473684210526,340.9,843.0,1020.8571428571428,571.6190476190473
1173,18.65000013,40.55,18.75000013,40.45,18,726.834119008647,42.1304018114742,608.900024414062,809.5,0.0,18.7,40.5,272.0000000000003,252.35,0.0,0.0,254.71428571428567
1174,18.95000013,40.55,19.05000013,40.45,18,691.965975125631,96.8833461197902,411.83203125,828.549987792969,0.0016532352380952,19.0,40.5,406.1578947368413,416.2000000000007,0.0,0.0,414.85714285714243
1175,19.05000013,40.55,19.15000013,40.45,18,386.114730200834,95.4189365965818,235.021255493164,683.0,152.123240727619,19.1,40.5,461.3157894736834,453.0000000000008,97.2,88.76190476190477,457.90476190476153
1176,19.15000013,40.55,19.25000013,40.45,18,172.677467213737,50.7846188882668,84.5952301025391,302.450012207031,2416.83210428095,19.2,40.5,1957.947368421052,864.5500000000003,1027.5000000000002,1985.952380952381,1877.6190476190466
1177,19.25000013,40.55,19.35000013,40.45,18,39.360901083435,28.9752602383012,0.0,125.400001525879,162.259615410476,19.3,40.5,672.9473684210529,561.7499999999998,47.25,155.38095238095235,635.380952380952
1178,19.35000013,40.55,19.45000013,40.45,18,7.87283489776504,7.94119076185856,0.0,65.3649978637695,19.252709572619,19.4,40.5,42.26315789473684,37.1,0.0,0.0,41.476190476190474
1179,16.85000013,40.45,16.95000013,40.35,19,127.043243611878,177.006315359007,0.0,667.667724609375,84.9564489666667,16.9,40.4,33.00000000000001,27.25000000000001,0.0,16.619047619047613,37.47619047619052
1180,16.95000013,40.45,17.05000013,40.35,19,366.958929085897,175.236358397631,20.5602836608887,718.943603515625,31.559620627619,17.0,40.4,67.10526315789478,63.79999999999999,0.0,0.0,64.14285714285717
1181,17.05000013,40.45,17.15000013,40.35,19,264.647148493281,170.253819465129,0.0,627.470275878906,163.111050402857,17.1,40.4,104.21052631578948,63.54999999999999,137.74999999999997,116.90476190476193,99.42857142857152
1182,17.15000013,40.45,17.25000013,40.35,19,89.3029784522918,102.218475400211,0.0,384.601135253906,43.7576934952381,17.2,40.4,101.6842105263158,98.2,0.0,0.0,97.76190476190479
1183,18.35000013,40.45,18.45000013,40.35,18,89.5260729153071,21.5200344689567,0.0,109.569999694824,756.309770509524,18.4,40.4,278.6315789473684,182.9000000000001,568.25,636.7619047619047,284.2857142857142
1184,18.45000013,40.45,18.55000013,40.35,18,106.095001769563,8.78517083755178,94.8210525512695,130.850006103516,951.504758542857,18.5,40.4,998.315789473684,564.9,550.3,958.1904761904763,1005.7619047619045
1185,18.55000013,40.45,18.65000013,40.35,18,275.727121408615,168.819050548149,111.958229064941,631.150024414062,1673.36755652857,18.6,40.4,887.8947368421049,322.84999999999974,1029.6999999999998,1505.4761904761904,815.9523809523807
1186,18.65000013,40.45,18.75000013,40.35,18,713.987776524491,47.7208458613424,570.799987792969,808.299987792969,0.0,18.7,40.4,257.0526315789476,239.54999999999995,0.0,0.0,236.42857142857136
1187,19.05000013,40.45,19.15000013,40.35,18,681.565142250723,138.553788069367,306.0,880.849975585938,0.0,19.1,40.4,418.9473684210521,420.70000000000016,0.0,0.0,419.42857142857144
1188,19.15000013,40.45,19.25000013,40.35,18,314.834153412945,141.971345054284,125.050003051758,765.950012207031,637.931401866667,19.2,40.4,629.9999999999995,566.9000000000002,345.44999999999993,401.0,640.1428571428559
1189,19.25000013,40.45,19.35000013,40.35,18,78.5255185709231,61.5094185166926,0.0,272.049987792969,572.480733433333,19.3,40.4,1341.6842105263154,914.1999999999996,132.54999999999998,497.2857142857143,1259.5714285714278
1190,19.35000013,40.45,19.45000013,40.35,18,32.1718318062938,22.6955413755504,0.0,54.8499984741211,342.628688221905,19.4,40.4,380.7894736842105,20.9,62.04999999999999,416.2380952380953,363.66666666666663
1191,16.85000013,40.35,16.95000013,40.25,19,442.115617116396,206.265645335475,13.0649995803833,809.049987792969,0.642180068619048,16.9,40.3,65.3684210526316,62.24999999999999,0.0,0.0,62.90476190476193
1192,17.15000013,40.35,17.25000013,40.25,19,508.906939283013,179.109589705186,192.800003051758,1062.55004882812,0.504372381809524,17.2,40.3,65.63157894736842,61.54999999999999,0.0,0.0,62.61904761904763
1193,17.25000013,40.35,17.35000013,40.25,19,289.516707044716,137.20354484858,18.9453125,650.75,103.578409175238,17.3,40.3,78.00000000000003,66.3,0.0,22.71428571428571,68.71428571428574
1194,17.35000013,40.35,17.45000013,40.25,19,114.124345083191,108.937522908546,0.0,429.549987792969,333.4843521,17.4,40.3,310.6842105263155,129.35,120.25,270.76190476190476,274.61904761904754
1195,18.45000013,40.35,18.55000013,40.25,18,95.423940328105,10.5569269977816,5.71999979019165,110.932838439941,945.042777066667,18.5,40.3,576.157894736842,525.6000000000001,750.4999999999999,769.2857142857143,619.0476190476192
1196,18.55000013,40.35,18.65000013,40.25,18,216.049934660395,138.83749793295,95.0599975585938,590.950012207031,1544.25194827619,18.6,40.3,954.9473684210528,276.5499999999998,843.5,1450.9047619047617,950.9999999999994
1197,18.65000013,40.35,18.75000013,40.25,18,611.455698344443,101.703295528504,241.300003051758,763.349975585938,0.0097667324285714,18.7,40.3,240.47368421052687,230.70000000000005,0.0,0.0,227.19047619047632
1198,18.75000013,40.35,18.85000013,40.25,18,780.781884365612,35.922779356105,683.150024414062,844.099975585938,0.0,18.8,40.3,243.7894736842109,239.6500000000001,0.0,0.0,234.85714285714292
1199,19.15000013,40.35,19.25000013,40.25,18,756.304807143079,139.293601679865,281.25,943.900024414062,0.0,19.2,40.3,382.6315789473677,387.0500000000007,0.0,0.0,383.95238095238034
1200,19.25000013,40.35,19.35000013,40.25,18,381.989538736641,223.294620708119,36.56640625,843.650024414062,59.2905045447619,19.3,40.3,367.5789473684207,363.1000000000003,0.0,0.0,359.1904761904762
1201,16.75000013,40.25,16.85000013,40.15,19,77.2039626807802,83.9927042023133,0.0,397.149993896484,258.531136899048,16.8,40.2,282.68421052631544,140.20000000000002,101.70000000000002,208.47619047619048,278.52380952380935
1202,16.85000013,40.25,16.95000013,40.15,19,559.469059195783,162.250549453986,210.199996948242,858.25,0.0087677299047619,16.9,40.2,64.63157894736845,59.0,0.0,0.0,61.42857142857145
1203,17.25000013,40.25,17.35000013,40.15,19,789.175550768773,137.834421463445,437.049987792969,1111.0,0.0,17.3,40.2,52.21052631578949,49.54999999999999,0.0,0.0,49.4761904761905
1204,17.35000013,40.25,17.45000013,40.15,19,618.768719719516,221.624171081925,257.950012207031,1038.09997558594,0.0050838438571428,17.4,40.2,61.73684210526319,58.19999999999999,0.0,0.0,64.23809523809527
1205,17.45000013,40.25,17.55000013,40.15,19,316.821733970609,140.622285272623,90.75,755.650024414062,142.371786040952,17.5,40.2,113.421052631579,93.75,54.9,98.14285714285715,103.19047619047623
1206,17.55000013,40.25,17.65000013,40.15,19,155.375590169181,56.1047686241773,45.7000007629395,372.75,443.741626671429,17.6,40.2,290.2105263157895,111.84999999999994,195.95,396.6190476190476,265.38095238095224
1207,17.65000013,40.25,17.75000013,40.15,19,89.0912843868137,31.3862497488592,30.609375,175.0,390.424152795238,17.7,40.2,357.052631578947,112.85,128.70000000000002,384.9047619047618,330.5238095238093
1208,17.75000013,40.25,17.85000013,40.15,19,41.1880310061905,14.9942486296934,19.6991539001465,103.5,243.002754809524,17.8,40.2,225.1578947368422,57.64999999999999,91.9,205.1428571428571,203.3809523809524
1209,17.85000013,40.25,17.95000013,40.15,19,20.3960123136235,13.8832350281969,0.0,54.3499984741211,48.4241835085714,17.9,40.2,27.94736842105263,34.89999999999998,0.0,0.0,25.095238095238084
1210,18.45000013,40.25,18.55000013,40.15,18,45.6845532050874,34.3634380168916,0.0,102.26000213623,358.804091880952,18.5,40.2,619.9999999999998,477.00000000000006,115.3,344.6666666666666,656.6190476190476
1211,18.55000013,40.25,18.65000013,40.15,18,102.142512449788,27.2972627465782,65.5550003051758,354.799987792969,864.572004904762,18.6,40.2,1091.2631578947364,469.3499999999998,266.15,856.142857142857,1102.1428571428578
1212,18.65000013,40.25,18.75000013,40.15,18,415.785047950016,181.491103938508,95.3499984741211,679.25,112.731235915238,18.7,40.2,241.52631578947395,234.94999999999987,0.0,68.57142857142857,247.6666666666669
1213,18.75000013,40.25,18.85000013,40.15,18,741.66240209341,45.4463958498578,555.799987792969,817.950012207031,0.0,18.8,40.2,222.42105263157933,225.7500000000001,0.0,0.0,221.14285714285708
1214,19.35000013,40.25,19.45000013,40.15,18,543.191428124905,263.808357490564,0.0,934.75,0.0014229588571428,19.4,40.2,299.8947368421049,298.1500000000003,0.0,0.0,294.6666666666666
1215,16.65000013,40.15,16.75000013,40.05,19,19.3851028850509,15.1582708441959,0.0,79.5999984741211,74.5899241385714,16.7,40.1,186.6842105263159,181.05,0.0,0.0,168.0952380952381
1216,16.75000013,40.15,16.85000013,40.05,19,193.360767068134,138.169582447334,16.2855129241943,656.650024414062,2345.70606132381,16.8,40.1,697.4210526315792,53.8,1212.25,1757.5238095238094,664.571428571428
1217,16.85000013,40.15,16.95000013,40.05,19,545.439420246416,105.912797058918,282.0,787.75,0.66117722152381,16.9,40.1,45.63157894736842,42.34999999999999,0.0,0.0,45.09523809523812
1218,16.95000013,40.15,17.05000013,40.05,19,753.864692058828,123.688685458484,583.400024414062,1149.30004882812,0.0015259798571428,17.0,40.1,40.89473684210528,38.05,0.0,0.0,36.714285714285715
1219,17.45000013,40.15,17.55000013,40.05,19,790.893656863107,203.437544825226,375.549987792969,1199.5,0.0,17.5,40.1,50.26315789473686,46.34999999999999,0.0,0.0,48.5714285714286
1220,17.55000013,40.15,17.65000013,40.05,19,404.708924682604,103.139918092732,177.25,719.200012207031,2.57404272657143,17.6,40.1,76.73684210526316,69.24999999999999,0.0,0.0,72.5714285714286
1221,17.65000013,40.15,17.75000013,40.05,19,219.568679453598,68.8573276661936,107.449996948242,425.649993896484,270.858767614286,17.7,40.1,181.2105263157895,110.5,211.0,208.76190476190473,161.04761904761898
1222,17.75000013,40.15,17.85000013,40.05,19,109.355577277227,42.6782511228344,44.7000007629395,231.600006103516,569.888442247619,17.8,40.1,477.57894736842087,150.35000000000002,257.8,519.3809523809524,445.4761904761905
1223,17.85000013,40.15,17.95000013,40.05,19,42.4840969255246,12.569978460064,0.0,89.8000030517578,238.772394606667,17.9,40.1,266.157894736842,127.49999999999996,79.14999999999999,178.6190476190476,237.09523809523805
1224,18.55000013,40.15,18.65000013,40.05,18,92.2110314733452,5.30585212066684,77.3300018310547,103.599998474121,671.228644814286,18.6,40.1,837.5263157894736,769.6,398.8,529.7142857142857,829.9999999999999
1225,18.65000013,40.15,18.75000013,40.05,18,187.70925024069,116.896466434766,95.1500015258789,618.450012207031,568.1811949,18.7,40.1,610.9473684210526,316.84999999999985,293.85,530.1428571428571,629.3809523809523
1226,18.75000013,40.15,18.85000013,40.05,18,629.84444422192,131.85721739238,181.649993896484,791.299987792969,0.0005907854285714,18.8,40.1,205.684210526316,208.74999999999991,0.0,0.0,213.42857142857144
1227,19.45000013,40.15,19.55000013,40.05,18,403.401698715157,176.627337555715,212.550003051758,811.950012207031,0.0,19.5,40.1,282.5789473684208,288.9500000000003,0.0,0.0,286.7142857142856
1228,19.55000013,40.15,19.65000013,40.05,18,206.973642804556,65.2429822058385,0.0,272.899993896484,0.0,19.6,40.1,179.7894736842107,181.55000000000004,0.0,0.0,190.99999999999986
1229,19.65000013,40.15,19.75000013,40.05,18,98.6851651536094,93.8859203171026,0.0,248.5,0.0,19.7,40.1,82.3157894736842,84.04999999999995,0.0,0.0,95.09523809523819
1230,16.65000013,40.05,16.75000013,39.95,19,57.8766817233215,26.94271203846,16.0795383453369,145.800003051758,1236.9571244619,16.7,40.0,755.7894736842105,122.59999999999997,514.1,1072.190476190476,739.3809523809522
1231,16.75000013,40.05,16.85000013,39.95,19,407.734912715852,194.935485914323,82.0500030517578,724.0,1.62784069442857,16.8,40.0,93.0526315789474,82.64999999999999,0.0,0.0,82.66666666666671
1232,16.85000013,40.05,16.95000013,39.95,19,771.269989901119,41.2576745821402,651.799987792969,844.200012207031,0.0,16.9,40.0,40.6842105263158,34.85000000000001,0.0,0.0,37.333333333333336
1233,17.55000013,40.05,17.65000013,39.95,19,755.24710891313,179.693956616535,341.149993896484,1063.41320800781,0.0,17.6,40.0,50.42105263157897,51.3,0.0,0.0,46.52380952380954
1234,17.65000013,40.05,17.75000013,39.95,19,346.93256065415,105.922296592884,234.050003051758,697.650024414062,39.0730516742857,17.7,40.0,88.10526315789477,80.79999999999997,0.0,0.0,76.85714285714289
1235,17.75000013,40.05,17.85000013,39.95,19,242.626689145135,37.2652335843116,65.25,354.350006103516,565.859103080952,17.8,40.0,170.78947368421063,120.2,442.85,408.2857142857143,154.047619047619
1236,17.85000013,40.05,17.95000013,39.95,19,108.751001084689,62.9038880962192,0.0,234.75,1247.26696058571,17.9,40.0,943.2631578947368,318.1999999999999,477.9,1028.3809523809523,898.2857142857141
1237,18.45000013,40.05,18.55000013,39.95,19,85.3510756189417,24.3703051017263,0.0,107.599998474121,1104.70218180476,18.5,40.0,410.2631578947367,270.5000000000001,649.8,799.3333333333334,473.14285714285705
1238,18.55000013,40.05,18.65000013,39.95,19,104.516684460971,3.85599526293441,96.5199966430664,113.900001525879,617.164352571429,18.6,40.0,495.315789473684,344.2500000000001,421.9,568.8571428571428,528.9523809523808
1239,18.65000013,40.05,18.75000013,39.95,19,127.235167083641,28.2049346937742,103.150001525879,333.649993896484,433.304066609524,18.7,40.0,706.9473684210526,376.6999999999998,111.2,484.6666666666667,721.0476190476192
1240,18.75000013,40.05,18.85000013,39.95,18,565.630246723692,172.31136044295,166.899993896484,786.950012207031,0.0034167233333333,18.8,40.0,182.7368421052634,188.59999999999988,0.0,0.0,193.09523809523824
1241,19.35000013,40.05,19.45000013,39.95,18,431.888926054041,236.194306155426,219.699996948242,974.099975585938,0.0,19.4,40.0,321.5263157894732,313.9000000000004,0.0,0.0,309.04761904761904
1242,19.45000013,40.05,19.55000013,39.95,18,218.180317218105,27.7407186342188,136.449996948242,298.149993896484,0.0,19.5,40.0,265.5789473684212,257.99999999999983,0.0,0.0,259.0952380952381
1243,19.55000013,40.05,19.65000013,39.95,18,178.210784174502,27.6296553263048,90.5,232.5,0.0,19.6,40.0,210.8947368421056,209.75000000000017,0.0,0.0,207.42857142857142
1244,19.65000013,40.05,19.75000013,39.95,18,183.854820788734,30.6374353320805,101.677719116211,217.199996948242,0.0,19.7,40.0,178.5263157894738,176.3000000000001,0.0,0.0,184.80952380952374
1245,19.75000013,40.05,19.85000013,39.95,18,116.383056251539,39.4956514537218,0.0,187.940048217773,0.0,19.8,40.0,167.8947368421054,167.15,0.0,0.0,188.52380952380952
1246,16.55000013,39.95,16.65000013,39.85,19,31.5047927839009,51.0812280806164,0.0,298.399993896484,48.1173869304762,16.6,39.9,171.52631578947378,172.40000000000003,0.0,0.0,163.23809523809524
1247,16.65000013,39.95,16.75000013,39.85,19,109.406373259301,52.3977958299741,24.6000003814697,298.100006103516,1812.89894894286,16.7,39.9,1134.0526315789475,109.15,675.3000000000001,1622.7142857142858,1087.5238095238094
1248,16.75000013,39.95,16.85000013,39.85,19,365.35158429419,189.727481802476,41.7000007629395,713.400024414062,21.4600305171905,16.8,39.9,66.94736842105263,63.549999999999976,0.0,0.047619047619047616,68.76190476190479
1249,16.85000013,39.95,16.95000013,39.85,19,710.577105240689,109.836210373895,442.200012207031,843.5,0.0,16.9,39.9,36.26315789473686,35.150000000000006,0.0,0.0,36.19047619047618
1250,17.65000013,39.95,17.75000013,39.85,19,485.071256743537,65.9031486516647,337.600006103516,742.299987792969,0.708774679,17.7,39.9,67.05263157894738,66.25,0.0,0.0,68.00000000000003
1251,17.75000013,39.95,17.85000013,39.85,19,284.06504766643,45.1876694682238,196.72265625,427.0,345.999726795238,17.8,39.9,137.0526315789474,106.2,237.2,297.9047619047619,120.90476190476193
1252,17.85000013,39.95,17.95000013,39.85,19,167.829949747357,29.3755500768694,94.4199981689453,252.1015625,2502.45220504762,17.9,39.9,1638.4736842105258,292.05,1003.8,2243.52380952381,1581.6666666666667
1253,17.95000013,39.95,18.05000013,39.85,19,87.2592397348748,39.7682047580456,0.0,151.740005493164,2263.96282933333,18.0,39.9,1629.6842105263156,501.4500000000001,764.2,1795.0952380952383,1558.9523809523807
1254,18.35000013,39.95,18.45000013,39.85,19,34.2554522075225,38.770789411164,0.0,102.464996337891,227.937558171429,18.4,39.9,283.6842105263157,212.95000000000005,175.95,165.6190476190476,295.42857142857144
1255,18.45000013,39.95,18.55000013,39.85,19,108.431924954057,7.34951052360984,81.7200012207031,122.940002441406,1217.75572824762,18.5,39.9,669.0,368.45,664.0,961.7619047619048,732.190476190476
1256,18.55000013,39.95,18.65000013,39.85,19,114.27738795595,3.16780562770726,105.599998474121,122.800003051758,647.136532785714,18.6,39.9,709.3157894736843,487.55,340.40000000000003,584.4761904761905,726.6666666666666
1257,18.65000013,39.95,18.75000013,39.85,19,160.566936689946,73.3588750147556,107.900001525879,519.799987792969,416.4152911,18.7,39.9,667.4736842105262,393.8999999999999,123.40000000000002,438.9047619047619,677.6190476190477
1258,18.75000013,39.95,18.85000013,39.85,19,560.288291409612,128.355348749519,218.600006103516,746.0,0.10029665952381,18.8,39.9,157.842105263158,151.94999999999982,0.0,0.0,158.90476190476207
1259,18.85000013,39.95,18.95000013,39.85,19,795.515655332141,45.636053567259,404.5,876.299987792969,0.0,18.9,39.9,154.6842105263159,155.99999999999991,0.0,0.0,158.14285714285722
1260,19.35000013,39.95,19.45000013,39.85,18,179.37651913758,134.3532130034,0.0,703.799987792969,0.0,19.4,39.9,641.6315789473686,636.5500000000003,0.0,0.0,603.9523809523806
1261,19.45000013,39.95,19.55000013,39.85,18,117.712575990293,49.6263955657431,24.6499996185303,218.350006103516,0.0,19.5,39.9,200.94736842105272,190.9500000000002,0.0,0.0,175.7142857142858
1262,19.55000013,39.95,19.65000013,39.85,18,79.7743056780762,39.3328995907734,0.0,170.75,0.0,19.6,39.9,126.68421052631588,144.65000000000015,0.0,0.0,121.33333333333341
1263,19.65000013,39.95,19.75000013,39.85,18,87.5052958031495,23.0132035058768,32.5571670532227,146.604751586914,0.0,19.7,39.9,102.89473684210532,102.2,0.0,0.0,86.47619047619054
1264,19.75000013,39.95,19.85000013,39.85,18,76.96786143341,9.38965259584401,35.3263244628906,103.085601806641,0.0,19.8,39.9,68.84210526315795,61.34999999999995,0.0,0.0,53.23809523809529
1265,19.85000013,39.95,19.95000013,39.85,18,56.3903524702829,30.5463110790192,0.0,117.09122467041,0.0,19.9,39.9,12.526315789473678,11.15,0.0,0.0,6.8095238095238075
1266,16.45000013,39.85,16.55000013,39.75,19,28.2481382325188,42.3890859783283,0.0,177.699996948242,51.55504011,16.5,39.8,88.26315789473686,78.94999999999999,0.0,0.0,85.61904761904763
1267,16.55000013,39.85,16.65000013,39.75,19,240.857956935962,93.0689645190284,26.4582500457764,383.799987792969,591.26587792381,16.6,39.8,156.2105263157895,54.6,470.15,505.9047619047618,152.7619047619048
1268,16.65000013,39.85,16.75000013,39.75,19,343.819607275021,115.115867696364,27.2000007629395,467.200012207031,7.99265841357143,16.7,39.8,93.68421052631584,87.25000000000001,0.0,0.0,91.09523809523817
1269,16.75000013,39.85,16.85000013,39.75,19,295.215918027899,104.625111679386,27.8999996185303,469.5,102.099729185714,16.8,39.8,55.68421052631577,48.45,0.0,24.76190476190476,52.33333333333336
1270,16.85000013,39.85,16.95000013,39.75,19,468.314301230841,131.717768875781,217.0,781.0,0.589785457095238,16.9,39.8,36.89473684210527,32.3,0.0,0.0,34.61904761904762
1271,16.95000013,39.85,17.05000013,39.75,19,707.821723146571,147.469608031911,349.299987792969,916.900024414062,0.0,17.0,39.8,31.36842105263158,29.40000000000001,0.0,0.0,28.57142857142857
1272,17.05000013,39.85,17.15000013,39.75,19,754.415700175099,153.629712933024,391.899993896484,966.599975585938,0.0011228864761904,17.1,39.8,25.36842105263157,25.050000000000004,0.0,0.0,25.333333333333325
1273,17.75000013,39.85,17.85000013,39.75,19,420.166296364533,193.694763480914,191.620040893555,951.68701171875,74.5963679257143,17.8,39.8,91.42105263157896,81.04999999999997,0.0,0.0,83.66666666666671
1274,17.85000013,39.85,17.95000013,39.75,19,158.054811418884,37.2547014878975,105.099998474121,405.269989013672,3305.9559727619,17.9,39.8,1887.4736842105265,289.8,1405.65,2823.5714285714275,1823.6190476190473
1275,17.95000013,39.85,18.05000013,39.75,19,99.3417331675688,21.2657062403333,44.2999992370605,149.960006713867,2697.53155338095,18.0,39.8,1646.5789473684204,626.5,1187.6,2066.9999999999995,1617.0476190476193
1276,18.05000013,39.85,18.15000013,39.75,19,38.1773205794032,17.5025888152592,2.18600010871887,91.879997253418,310.343165666667,18.1,39.8,605.6315789473683,417.6500000000001,114.05000000000004,276.4761904761904,547.5714285714284
1277,18.15000013,39.85,18.25000013,39.75,19,32.4728330967094,19.3339536417163,0.0,78.6500015258789,315.694027257143,18.2,39.8,349.736842105263,138.20000000000005,102.65,320.2857142857143,336.9047619047618
1278,18.25000013,39.85,18.35000013,39.75,19,33.7815801808611,32.6020623179381,0.0,112.849998474121,195.972186791905,18.3,39.8,726.8947368421053,704.1999999999998,101.5,170.8571428571429,740.5714285714286
1279,18.35000013,39.85,18.45000013,39.75,19,76.5046317858311,48.5265334114046,0.0,150.850006103516,2357.53897790476,18.4,39.8,1531.6842105263154,743.0999999999998,1145.5,1905.3809523809523,1551.4285714285713
1280,18.45000013,39.85,18.55000013,39.75,19,126.921514101326,6.23239358991066,95.2200012207031,142.399993896484,1558.2120543619,18.5,39.8,1006.157894736842,615.7000000000002,891.4999999999999,1241.095238095238,967.9523809523808
1281,18.55000013,39.85,18.65000013,39.75,19,133.387839837207,22.1851717313268,115.900001525879,294.700012207031,736.407356466667,18.6,39.8,1091.3157894736837,554.75,185.35,707.2857142857142,1062.333333333333
1282,18.65000013,39.85,18.75000013,39.75,19,277.542956619627,114.896344314084,121.900001525879,547.135375976562,282.057643647619,18.7,39.8,192.26315789473685,164.74999999999997,183.85,166.42857142857144,183.85714285714292
1283,18.75000013,39.85,18.85000013,39.75,19,584.939689036873,82.58340319524,323.950012207031,721.799987792969,0.0053306449523809,18.8,39.8,127.5789473684212,122.8499999999999,0.0,0.0,125.80952380952407
1284,18.85000013,39.85,18.95000013,39.75,19,771.736886150307,49.0550245268639,668.379272460938,876.450012207031,0.0,18.9,39.8,120.94736842105274,125.1499999999999,0.0,0.0,125.33333333333351
1285,19.35000013,39.85,19.45000013,39.75,20,306.154604178853,315.617304406604,0.0,1030.80004882812,0.0,19.4,39.8,432.6842105263152,417.9500000000002,0.0,0.0,402.0952380952382
1286,19.45000013,39.85,19.55000013,39.75,18,46.2716610908651,26.3083169271467,0.0,132.046875,0.0,19.5,39.8,294.73684210526284,288.0500000000004,0.0,0.0,264.5714285714285
1287,19.55000013,39.85,19.65000013,39.75,18,44.6881690983557,24.2736308117949,0.0,81.6999969482422,0.0,19.6,39.8,26.26315789473686,34.150000000000006,0.0,0.0,20.28571428571427
1288,16.55000013,39.75,16.65000013,39.65,19,248.415710920675,76.5011699903204,0.0,374.700012207031,408.613140738095,16.6,39.7,116.31578947368422,47.04999999999998,175.29999999999998,315.7142857142857,99.71428571428572
1289,16.65000013,39.75,16.75000013,39.65,19,397.189832871159,46.6060013523939,239.300003051758,476.799987792969,14.6570459653333,16.7,39.7,62.15789473684212,52.3,0.0,0.0,60.09523809523811
1290,16.75000013,39.75,16.85000013,39.65,19,447.38063172996,92.0179847413076,172.600006103516,623.799987792969,0.326472665619048,16.8,39.7,46.73684210526316,42.55,0.0,0.0,46.52380952380955
1291,16.85000013,39.75,16.95000013,39.65,19,449.751649404566,146.498865894398,172.800003051758,720.099975585938,0.632154741142857,16.9,39.7,37.47368421052632,32.6,0.0,0.0,37.76190476190476
1292,16.95000013,39.75,17.05000013,39.65,19,376.947374012735,134.281660453966,227.5,912.900024414062,37.8749178733333,17.0,39.7,30.00000000000001,29.000000000000004,0.0,0.0,28.66666666666665
1293,17.05000013,39.75,17.15000013,39.65,19,680.675998838497,199.612475574288,287.899993896484,970.900024414062,0.0002955933333333,17.1,39.7,26.842105263157897,25.60000000000001,0.0,0.0,26.047619047619044
1294,17.85000013,39.75,17.95000013,39.65,19,637.11464201245,243.813333575443,143.9609375,1031.07299804688,0.416160306619048,17.9,39.7,76.05263157894741,69.39999999999999,0.0,0.0,71.66666666666674
1295,17.95000013,39.75,18.05000013,39.65,19,427.874906369382,245.102025306475,75.6500015258789,911.072998046875,131.09779820619,18.0,39.7,203.36842105263165,193.6500000000001,0.0,72.66666666666666,194.19047619047618
1296,18.05000013,39.75,18.15000013,39.65,19,180.738474558625,134.310172973527,42.54296875,713.153991699219,3542.86083595238,18.1,39.7,1016.7368421052632,218.8,1928.85,2470.428571428571,945.7142857142856
1297,18.15000013,39.75,18.25000013,39.65,19,112.934742490864,26.9942209588993,45.30859375,157.679992675781,3360.86524976191,18.2,39.7,1578.7368421052631,588.4499999999999,1625.4499999999998,2468.5714285714294,1515.6190476190473
1298,18.25000013,39.75,18.35000013,39.65,19,130.07199222015,17.1113177576189,76.7799987792969,219.16032409668,3113.44924542857,18.3,39.7,2068.4210526315783,566.2499999999998,1237.4500000000005,2645.9999999999995,2035.2380952380952
1299,18.35000013,39.75,18.45000013,39.65,19,181.778249375522,69.6530654571835,97.0199966430664,523.951599121094,2509.63431895238,18.4,39.7,1877.7894736842104,743.6000000000003,1061.5,2121.3809523809523,1824.2380952380947
1300,18.45000013,39.75,18.55000013,39.65,19,301.817141824298,163.315594549505,126.419998168945,637.700012207031,571.343233209524,18.5,39.7,529.1578947368421,424.6,373.35,404.9047619047619,496.0
1301,18.55000013,39.75,18.65000013,39.65,19,447.357770580384,150.530403141257,135.449996948242,664.599975585938,1.31632445928571,18.6,39.7,117.73684210526316,114.00000000000006,0.0,0.0,114.52380952380949
1302,18.65000013,39.75,18.75000013,39.65,19,558.586416747835,75.3082086814483,289.25,672.833312988281,0.0648357664761905,18.7,39.7,104.36842105263166,99.95000000000005,0.0,0.0,105.47619047619048
1303,18.75000013,39.75,18.85000013,39.65,19,650.596046162976,39.2539681707113,551.31494140625,744.371826171875,0.0032494577619047,18.8,39.7,107.21052631578956,98.35000000000004,0.0,0.0,94.19047619047622
1304,18.85000013,39.75,18.95000013,39.65,19,758.561219036579,51.4075615415555,657.261169433594,856.046691894531,0.0,18.9,39.7,107.26315789473688,91.59999999999997,0.0,0.0,93.09523809523817
1305,19.45000013,39.75,19.55000013,39.65,20,177.619098591036,95.1965574539671,0.0,700.628173828125,0.0,19.5,39.7,210.52631578947384,213.45000000000005,0.0,0.0,211.47619047619037
1306,19.55000013,39.75,19.65000013,39.65,20,97.947740009158,66.2285950684607,0.0,241.183792114258,0.0,19.6,39.7,32.94736842105265,29.900000000000027,0.0,0.0,30.047619047618998
1307,16.75000013,39.65,16.85000013,39.55,19,115.268597617901,168.0038640183,0.0,563.900024414062,0.0,16.8,39.6,103.05263157894738,87.60000000000002,0.0,0.0,108.28571428571432
1308,16.85000013,39.65,16.95000013,39.55,19,354.606249671015,238.686171132053,0.0,735.200012207031,2.89234916604762,16.9,39.6,45.68421052631581,42.6,0.0,0.0,53.28571428571431
1309,16.95000013,39.65,17.05000013,39.55,19,589.252886313531,174.393039569641,95.6999969482422,843.200012207031,0.0005054553333333,17.0,39.6,24.0,25.05,0.0,0.0,26.952380952380942
1310,17.05000013,39.65,17.15000013,39.55,19,731.147293965841,117.075792968389,394.299987792969,947.5,0.0,17.1,39.6,25.052631578947366,24.05,0.0,0.0,24.999999999999996
1311,17.15000013,39.65,17.25000013,39.55,19,638.630221510927,165.405514200419,191.300003051758,962.400024414062,2.18342802819048,17.2,39.6,23.947368421052627,22.6,0.0,0.0,23.666666666666657
1312,18.05000013,39.65,18.15000013,39.55,19,718.878682669666,284.427718422975,157.229995727539,1268.34997558594,0.013533294047619,18.1,39.6,66.36842105263162,63.99999999999999,0.0,0.0,64.04761904761908
1313,18.15000013,39.65,18.25000013,39.55,19,424.77419106,163.02069281086,148.360000610352,745.00927734375,57.2411492209524,18.2,39.6,94.26315789473684,93.15000000000002,0.0,0.0,95.57142857142861
1314,18.25000013,39.65,18.35000013,39.55,19,476.465080941717,170.001805099146,153.143478393555,786.650024414062,2.2509777907619,18.3,39.6,94.89473684210525,92.19999999999996,0.0,0.0,93.42857142857143
1315,18.35000013,39.65,18.45000013,39.55,19,514.283457673258,86.0661028265905,214.042190551758,651.950012207031,2.22078039323809,18.4,39.6,93.26315789473684,84.55,0.0,0.0,90.19047619047619
1316,18.45000013,39.65,18.55000013,39.55,19,670.363689359691,72.4325107027884,438.399993896484,822.75,0.0010771909523809,18.5,39.6,84.73684210526315,75.50000000000001,0.0,0.0,77.23809523809524
1317,18.55000013,39.65,18.65000013,39.55,19,777.68720097012,72.3254722551448,595.349975585938,886.349975585938,0.0,18.6,39.6,76.36842105263162,71.05000000000003,0.0,0.0,71.1904761904762
1318,18.65000013,39.65,18.75000013,39.55,19,711.995454788208,50.9249588680815,626.700012207031,892.200012207031,0.0001689561428571,18.7,39.6,80.78947368421049,69.15000000000002,0.0,0.0,68.33333333333333
1319,18.75000013,39.65,18.85000013,39.55,19,669.223282999463,23.2909331854557,629.132446289062,754.583068847656,0.0004356261428571,18.8,39.6,81.94736842105269,73.10000000000005,0.0,0.0,73.57142857142854
1320,18.85000013,39.65,18.95000013,39.55,19,732.252400106854,37.36789820936,654.859924316406,842.346496582031,0.0,18.9,39.6,82.15789473684218,73.9,0.0,0.0,70.66666666666664
1321,19.45000013,39.65,19.55000013,39.55,20,777.129584239589,290.171776936926,244.877243041992,1253.47802734375,0.0,19.5,39.6,234.05263157894765,233.2000000000001,0.0,0.0,224.904761904762
1322,19.55000013,39.65,19.65000013,39.55,20,379.95465909938,194.536004995854,175.148239135742,1128.6806640625,0.0,19.6,39.6,190.10526315789497,193.1500000000001,0.0,0.0,194.33333333333314
1323,19.65000013,39.65,19.75000013,39.55,20,275.926936854544,135.496611429625,0.0,616.273193359375,0.0,19.7,39.6,72.0,77.4,0.0,0.0,72.42857142857154
1324,19.95000013,39.65,20.05000013,39.55,20,63.4934712977459,3.91416469558357,4.40000009536743,72.0862884521484,0.0,20.0,39.6,0.0,0.0,0.0,0.0,0.047619047619047616
1325,20.05000013,39.65,20.15000013,39.55,20,42.3612417745947,22.3071677918091,0.0,117.987510681152,0.0,20.1,39.6,0.0,0.0,0.0,0.0,0.047619047619047616
1326,20.15000013,39.65,20.25000013,39.55,20,0.491407470250528,1.82282922973062,0.0,21.7820358276367,0.0,20.2,39.6,0.0,0.0,0.0,0.0,0.0
1327,17.05000013,39.55,17.15000013,39.45,19,294.906891304398,211.737807954341,3.40625,669.5,102.802710871905,17.1,39.5,35.21052631578948,22.8,0.0,23.047619047619047,32.38095238095237
1328,17.15000013,39.55,17.25000013,39.45,19,606.684407310353,128.98894913038,117.400001525879,810.299987792969,0.0008770446666666,17.2,39.5,19.052631578947366,18.7,0.0,0.0,16.476190476190478
1329,18.35000013,39.55,18.45000013,39.45,19,714.60600254933,66.0811201228806,581.549987792969,891.849975585938,0.0,18.4,39.5,55.3684210526316,45.55,0.0,0.0,50.19047619047619
1330,18.45000013,39.55,18.55000013,39.45,19,778.570849431886,56.1267276718067,639.849975585938,1175.80578613281,0.0,18.5,39.5,60.15789473684211,51.34999999999999,0.0,0.0,52.190476190476204
1331,19.75000013,39.55,19.85000013,39.45,20,195.87343102321,187.679077400932,0.0,878.243103027344,0.0,19.8,39.5,161.8421052631581,155.2500000000001,0.0,0.0,148.28571428571433
1332,19.95000013,39.55,20.05000013,39.45,20,48.5922695069522,19.995211600963,0.0,71.930061340332,0.0,20.0,39.5,0.0,0.1,0.0,0.0,0.0
1333,20.05000013,39.55,20.15000013,39.45,20,50.4999625026895,20.5990176428804,0.0,78.6750030517578,0.0,20.1,39.5,0.0526315789473684,0.1,0.0,0.0,0.0
1334,20.15000013,39.55,20.25000013,39.45,20,22.4210336481859,27.4512399307008,0.0,73.3634948730469,0.0,20.2,39.5,0.0,0.15,0.0,0.0,0.047619047619047616
1335,17.15000013,39.45,17.25000013,39.35,19,399.079765729606,220.423723795587,0.0,899.099975585938,16.3482205447143,17.2,39.4,31.73684210526316,26.0,0.0,0.0,31.714285714285708
1336,19.75000013,39.45,19.85000013,39.35,20,513.105172039233,229.692867554227,0.383561760187149,991.948913574219,0.0,19.8,39.4,162.73684210526332,169.0000000000001,0.0,0.0,175.6666666666667
1337,19.85000013,39.45,19.95000013,39.35,20,151.746824537282,161.049875941178,0.0,682.671875,0.0,19.9,39.4,72.4736842105264,72.65,0.0,0.0,62.285714285714334
1338,20.15000013,39.45,20.25000013,39.35,20,43.347294482907,27.6280125337964,0.0,84.9272308349609,0.0,20.2,39.4,1.421052631578947,2.45,0.0,0.0,1.3333333333333335
1339,17.15000013,39.35,17.25000013,39.25,19,520.871910666426,277.679849637173,22.0149993896484,1006.59997558594,0.0,17.2,39.3,15.26315789473684,15.650000000000002,0.0,0.0,15.142857142857142
1340,19.95000013,39.35,20.05000013,39.25,20,334.962867740956,190.951212803149,65.5358352661133,922.549987792969,0.0,20.0,39.3,91.21052631578956,98.34999999999997,0.0,0.0,91.57142857142871
1341,20.05000013,39.35,20.15000013,39.25,20,97.0797097722275,44.5717833499325,5.84375,220.0234375,0.0,20.1,39.3,98.1578947368422,85.34999999999997,0.0,0.0,79.47619047619057
1342,20.15000013,39.35,20.25000013,39.25,20,62.6701509212661,23.780064818987,12.7907876968384,101.520378112793,0.0,20.2,39.3,29.21052631578948,30.70000000000001,0.0,0.0,22.333333333333314
1343,20.25000013,39.35,20.35000013,39.25,20,46.7222059100815,36.6306402474734,0.0,106.397956848145,0.0,20.3,39.3,11.68421052631578,11.050000000000002,0.0,0.0,6.476190476190476
1344,17.15000013,39.25,17.25000013,39.15,19,391.097123551467,224.093767085698,0.0,1005.04998779297,0.319592005904762,17.2,39.2,44.526315789473685,35.95,0.0,0.0,41.38095238095238
1345,17.25000013,39.25,17.35000013,39.15,19,522.627372642358,224.911560535192,153.699996948242,1018.5,4.269962976,17.3,39.2,16.57894736842105,14.150000000000002,0.0,0.0,14.857142857142854
1346,20.05000013,39.25,20.15000013,39.15,20,258.591062234508,216.659143239251,0.0,1128.15002441406,0.0,20.1,39.2,116.94736842105272,125.09999999999994,0.0,0.0,111.85714285714303
1347,20.15000013,39.25,20.25000013,39.15,20,43.5337789207956,46.215890461941,0.0,273.73046875,0.0,20.2,39.2,34.947368421052644,36.45,0.0,0.0,29.47619047619044
1348,20.25000013,39.25,20.35000013,39.15,20,97.5062929035889,41.7818087670099,11.6930847167969,253.892623901367,0.0,20.3,39.2,18.26315789473685,20.350000000000016,0.0,0.0,15.571428571428557
1349,20.35000013,39.25,20.45000013,39.15,20,132.016914053096,31.2201880553635,81.3087615966797,208.523803710938,0.0,20.4,39.2,13.052631578947356,12.900000000000006,0.0,0.0,9.333333333333329
1350,20.45000013,39.25,20.55000013,39.15,20,42.7569097078198,44.7683796050619,0.0,152.111206054688,0.0,20.5,39.2,3.789473684210527,3.75,0.0,0.0,2.3333333333333335
1351,17.15000013,39.15,17.25000013,39.05,19,171.593214730525,135.223686994302,8.04100036621094,595.099975585938,337.078211771429,17.2,39.1,174.78947368421052,19.35,103.15,263.7619047619048,163.9047619047619
1352,17.25000013,39.15,17.35000013,39.05,19,388.722073824869,95.1988463135009,219.899993896484,641.299987792969,7.71391176247619,17.3,39.1,15.684210526315788,14.400000000000002,0.0,0.0,13.238095238095235
1353,17.35000013,39.15,17.45000013,39.05,19,660.322471863694,120.884362415134,352.899993896484,1010.5,0.0005711183333333,17.4,39.1,12.684210526315791,12.349999999999998,0.0,0.0,10.333333333333332
1354,20.15000013,39.15,20.25000013,39.05,20,456.006221054148,353.332996750753,0.0,1265.0,0.0,20.2,39.1,94.84210526315798,99.45,0.0,0.0,90.71428571428585
1355,20.25000013,39.15,20.35000013,39.05,20,125.417265593333,83.645554306309,0.0,537.5546875,0.0,20.3,39.1,49.73684210526319,52.39999999999992,0.0,0.0,48.80952380952385
1356,20.35000013,39.15,20.45000013,39.05,20,202.455059655839,33.5095391789398,129.383575439453,281.627166748047,0.0,20.4,39.1,33.736842105263186,36.2,0.0,0.0,28.190476190476147
1357,20.45000013,39.15,20.55000013,39.05,20,158.608299695162,55.3224329189758,31.3640651702881,277.37841796875,0.0,20.5,39.1,16.526315789473667,18.300000000000026,0.0,0.0,13.666666666666652
1358,20.55000013,39.15,20.65000013,39.05,20,49.9468585412122,55.4576200656986,0.0,228.504089355469,0.0,20.6,39.1,2.3684210526315783,3.0499999999999994,0.0,0.0,2.428571428571428
1359,17.15000013,39.05,17.25000013,38.95,19,77.1986514607237,112.28718383963,0.0,618.049987792969,76.0869645614286,17.2,39.0,29.10526315789474,24.55,0.0,1.7619047619047619,25.14285714285714
1360,17.25000013,39.05,17.35000013,38.95,19,656.044331366817,202.1899783029,183.649993896484,1083.0,0.0001329238571428,17.3,39.0,15.105263157894736,13.1,0.0,0.0,13.666666666666668
1361,17.35000013,39.05,17.45000013,38.95,19,791.534733255704,120.488213951284,414.899993896484,1088.5,0.0,17.4,39.0,10.894736842105264,10.7,0.0,0.0,8.80952380952381
1362,20.25000013,39.05,20.35000013,38.95,20,569.2897641576,257.67324170549,174.412322998047,1091.0,0.0,20.3,39.0,95.842105263158,101.04999999999995,0.0,0.0,98.23809523809537
1363,20.35000013,39.05,20.45000013,38.95,20,317.746452669303,52.6988968771761,185.103866577148,560.252319335938,0.0,20.4,39.0,68.52631578947371,74.29999999999991,0.0,0.0,70.80952380952391
1364,20.45000013,39.05,20.55000013,38.95,20,241.548075066672,38.1210956620308,157.683288574219,293.436889648438,0.0,20.5,39.0,38.84210526315791,46.649999999999984,0.0,0.0,39.66666666666665
1365,20.55000013,39.05,20.65000013,38.95,20,127.034310104532,24.3058532417149,62.5701942443848,189.976654052734,0.0,20.6,39.0,13.421052631578938,17.050000000000015,0.0,0.0,13.142857142857128
1366,20.65000013,39.05,20.75000013,38.95,20,33.1749834874645,34.1089093584945,0.0,96.0232467651367,0.0,20.7,39.0,0.8947368421052628,1.5000000000000004,0.0,0.0,1.0000000000000002
1367,16.75000013,38.95,16.85000013,38.85,19,50.4517784109435,79.1322250859532,0.0,373.049987792969,25.1830087331905,16.8,38.9,92.3157894736842,103.79999999999998,0.0,0.0,87.90476190476191
1368,16.85000013,38.95,16.95000013,38.85,19,111.609604887741,153.243254705762,0.0,738.599975585938,117.950403591429,16.9,38.9,70.89473684210526,30.9,0.0,82.04761904761905,72.23809523809524
1369,16.95000013,38.95,17.05000013,38.85,19,111.583183425808,182.753359265624,0.0,771.549987792969,103.397712415714,17.0,38.9,35.842105263157904,23.55,0.0,29.857142857142858,39.57142857142858
1370,17.05000013,38.95,17.15000013,38.85,19,72.9508041603201,110.71342648761,0.0,567.900024414062,0.0,17.1,38.9,46.63157894736842,42.85,0.0,0.0,43.76190476190476
1371,17.15000013,38.95,17.25000013,38.85,19,352.712141124039,213.41869064387,0.0,857.5,42.2172222638095,17.2,38.9,27.21052631578947,27.8,0.0,0.0,29.380952380952376
1372,20.35000013,38.95,20.45000013,38.85,20,513.277153424791,177.595374992505,279.380859375,1033.59997558594,0.0,20.4,38.9,87.57894736842117,87.34999999999991,0.0,0.0,92.52380952380966
1373,20.45000013,38.95,20.55000013,38.85,20,269.016747846636,54.0830665523712,160.195281982422,474.72802734375,0.0,20.5,38.9,54.21052631578951,60.39999999999999,0.0,0.0,53.76190476190478
1374,20.55000013,38.95,20.65000013,38.85,20,127.233322213196,33.8098926825355,77.865608215332,229.158477783203,0.0,20.6,38.9,20.57894736842106,21.75000000000002,0.0,0.0,18.142857142857128
1375,20.65000013,38.95,20.75000013,38.85,20,40.4893657553851,26.8775846507238,0.0,89.7054290771484,0.0,20.7,38.9,5.736842105263157,5.499999999999999,0.0,0.0,4.619047619047617
1376,16.65000013,38.85,16.75000013,38.75,19,326.413328380634,240.838580766821,0.0,910.650024414062,918.821616266667,16.7,38.8,110.78947368421052,10.5,497.75,544.8571428571429,110.00000000000001
1377,16.75000013,38.85,16.85000013,38.75,19,532.324736023943,157.097863335877,142.199996948242,952.799987792969,0.0149275011904762,16.8,38.8,23.31578947368421,21.35,0.0,0.0,22.952380952380953
1378,16.85000013,38.85,16.95000013,38.75,19,570.302699516217,183.677240523439,258.649993896484,938.299987792969,0.0277019319047619,16.9,38.8,18.94736842105263,16.599999999999998,0.0,0.0,19.19047619047619
1379,20.45000013,38.85,20.55000013,38.75,20,508.066781047318,171.544893980467,146.238143920898,941.0,0.0,20.5,38.8,54.78947368421054,57.40000000000001,0.0,0.0,56.00000000000006
1380,16.55000013,38.75,16.65000013,38.65,19,409.904890109824,254.619169602889,0.0,815.900024414062,0.991980098095238,16.6,38.7,75.78947368421053,89.64999999999998,0.0,0.0,72.95238095238096
1381,20.45000013,38.75,20.55000013,38.65,20,436.178757929347,239.427368036474,0.0,1007.21875,0.0,20.5,38.7,46.05263157894738,51.3,0.0,0.0,52.28571428571431
1382,20.75000013,38.75,20.85000013,38.65,20,64.0636966280743,42.0002343473799,0.0,153.486236572266,0.0,20.8,38.7,0.631578947368421,0.6,0.0,0.0,0.7142857142857142
1383,20.85000013,38.75,20.95000013,38.65,20,58.0892431506525,61.5532261973416,0.0,173.863082885742,0.0,20.9,38.7,0.3684210526315789,0.5,0.0,0.0,0.6666666666666665
1384,16.55000013,38.65,16.65000013,38.55,19,163.744260481895,202.64892387766,0.0,742.099975585938,258.334977117619,16.6,38.6,112.84210526315792,20.9,141.7,189.8095238095238,110.71428571428574
1385,16.65000013,38.65,16.75000013,38.55,19,581.36636054847,166.368413648378,103.300003051758,861.599975585938,0.0003739179047619,16.7,38.6,21.368421052631582,21.5,0.0,0.0,22.619047619047617
1386,16.75000013,38.65,16.85000013,38.55,19,798.485698845651,99.6666686203833,520.299987792969,1184.0,0.0,16.8,38.6,17.210526315789473,16.55,0.0,0.0,16.047619047619044
1387,20.45000013,38.65,20.55000013,38.55,20,486.575813606381,296.068938698605,0.0,1269.38940429688,0.0,20.5,38.6,81.84210526315795,77.25,0.0,0.0,81.57142857142861
1388,20.75000013,38.65,20.85000013,38.55,20,106.589745154138,84.68100455123,0.0,316.015045166016,0.0,20.8,38.6,9.947368421052632,9.750000000000002,0.0,0.0,6.666666666666659
1389,20.85000013,38.65,20.95000013,38.55,20,42.0363709375961,53.1536654740457,0.0,182.573501586914,0.0,20.9,38.6,5.000000000000002,4.699999999999997,0.0,0.0,2.9523809523809517
1390,20.95000013,38.65,21.05000013,38.55,20,44.0701241220805,45.9778363732042,0.0,135.431182861328,0.0,21.0,38.6,0.0526315789473684,0.1,0.0,0.0,0.047619047619047616
1391,16.55000013,38.55,16.65000013,38.45,19,39.6306076151215,37.2559860704194,0.0,145.580001831055,98.0808058461905,16.6,38.5,33.73684210526316,26.15,0.0,25.142857142857142,30.142857142857142
1392,16.65000013,38.55,16.75000013,38.45,19,295.373249910772,105.070151600121,97.5999984741211,511.100006103516,38.9447353204762,16.7,38.5,20.157894736842103,19.1,0.0,0.0,16.285714285714285
1393,16.75000013,38.55,16.85000013,38.45,19,512.290131065581,58.7632423744485,421.5,745.799987792969,0.0609692115238095,16.8,38.5,14.68421052631579,14.150000000000002,0.0,0.0,13.666666666666668
1394,16.85000013,38.55,16.95000013,38.45,19,650.026213639312,159.593514775723,392.5,1083.30004882812,0.0002941679047619,16.9,38.5,13.157894736842104,10.45,0.0,0.0,10.904761904761905
1395,20.45000013,38.55,20.55000013,38.45,20,576.89103210676,413.430390199149,0.0,1466.69995117188,0.0,20.5,38.5,75.47368421052633,71.60000000000002,0.0,0.0,71.90476190476195
1396,20.55000013,38.55,20.65000013,38.45,20,146.521611069433,96.665877820127,0.0,293.393280029297,0.0,20.6,38.5,58.31578947368427,58.34999999999997,0.0,0.0,48.71428571428575
1397,20.65000013,38.55,20.75000013,38.45,20,150.612006258271,105.495086462098,0.0,306.732360839844,0.0,20.7,38.5,59.10526315789478,58.24999999999997,0.0,0.0,48.714285714285744
1398,20.75000013,38.55,20.85000013,38.45,20,212.562927819375,85.8845892303959,0.0,326.751770019531,0.0,20.8,38.5,33.57894736842108,33.20000000000001,0.0,0.0,25.904761904761873
1399,20.85000013,38.55,20.95000013,38.45,20,149.207138912959,75.6339497623132,0.0,297.891662597656,0.0,20.9,38.5,5.894736842105264,6.799999999999994,0.0,0.0,4.952380952380949
1400,20.95000013,38.55,21.05000013,38.45,20,34.6008346124818,32.5565345128449,0.0,131.624252319336,0.0,21.0,38.5,1.3684210526315783,2.000000000000001,0.0,0.0,1.285714285714286
1401,16.55000013,38.45,16.65000013,38.35,19,121.841751579609,96.2069218527971,0.0,481.899993896484,235.940076251905,16.6,38.4,84.73684210526315,13.8,123.75,139.95238095238093,77.0
1402,16.65000013,38.45,16.75000013,38.35,19,440.985188838508,135.761530531312,152.479995727539,758.0,0.769788508142857,16.7,38.4,12.36842105263158,13.35,0.0,0.0,11.714285714285712
1403,16.75000013,38.45,16.85000013,38.35,19,584.19680975212,73.81876783107,446.100006103516,763.5,0.0013874329047619,16.8,38.4,11.05263157894737,11.95,0.0,0.0,10.42857142857143
1404,16.85000013,38.45,16.95000013,38.35,19,632.788237674369,139.417540874278,407.399993896484,1031.30004882812,0.000491847047619,16.9,38.4,9.526315789473683,9.35,0.0,0.0,7.571428571428571
1405,20.45000013,38.45,20.55000013,38.35,20,241.972855025902,251.659639671507,0.0,1032.95202636719,0.0,20.5,38.4,23.26315789473685,23.30000000000001,0.0,0.0,23.857142857142826
1406,20.75000013,38.45,20.85000013,38.35,20,246.378721911279,59.9189495493647,0.0,350.080383300781,0.0,20.8,38.4,21.526315789473696,20.10000000000001,0.0,0.0,18.380952380952362
1407,20.85000013,38.45,20.95000013,38.35,20,241.060333850483,53.4603725475613,107.516563415527,336.135101318359,0.0,20.9,38.4,12.26315789473683,12.500000000000009,0.0,0.0,10.904761904761894
1408,20.95000013,38.45,21.05000013,38.35,20,70.3417910386607,34.7972798763377,0.0,155.585174560547,0.0,21.0,38.4,4.736842105263158,5.199999999999996,0.0,0.0,3.4761904761904736
1409,21.05000013,38.45,21.15000013,38.35,20,17.4077031060814,24.5383231654253,0.0,67.9724426269531,0.0,21.1,38.4,0.2105263157894736,0.4499999999999999,0.0,0.0,0.3333333333333333
1410,16.35000013,38.35,16.45000013,38.25,19,113.249625482286,164.28073765414,0.0,693.700012207031,74.4226743290476,16.4,38.3,7.684210526315789,5.3,0.0,0.0,6.857142857142858
1411,16.45000013,38.35,16.55000013,38.25,19,415.031383440312,317.446313374521,0.0,1133.5,0.269431633761905,16.5,38.3,10.894736842105262,9.65,0.0,0.0,9.380952380952381
1412,16.55000013,38.35,16.65000013,38.25,19,627.546820885605,243.800224282328,106.199996948242,1071.0,0.002273387,16.6,38.3,10.36842105263158,12.5,0.0,0.0,9.809523809523808
1413,20.65000013,38.35,20.75000013,38.25,20,68.7531429588691,70.497204179544,0.0,255.32307434082,0.0,20.7,38.3,0.7894736842105261,0.5499999999999999,0.0,0.0,0.47619047619047616
1414,20.75000013,38.35,20.85000013,38.25,20,255.234768426098,78.1268543953293,0.0,317.460388183594,0.0,20.8,38.3,13.526315789473673,15.15000000000001,0.0,0.0,12.476190476190467
1415,20.85000013,38.35,20.95000013,38.25,20,210.436495600475,67.097585211219,96.5838928222656,323.624877929688,0.0,20.9,38.3,12.052631578947365,13.650000000000004,0.0,0.0,10.904761904761898
1416,20.95000013,38.35,21.05000013,38.25,20,85.9262311425815,11.3365804524374,0.0,116.488349914551,0.0,21.0,38.3,6.157894736842102,5.949999999999996,0.0,0.0,5.476190476190474
1417,21.05000013,38.35,21.15000013,38.25,20,35.5529891152012,29.5040167077334,0.0,88.353141784668,0.0,21.1,38.3,1.4736842105263153,2.0500000000000007,0.0,0.0,1.4285714285714284
1418,21.15000013,38.35,21.25000013,38.25,20,13.8988799861788,18.2243770677553,0.0,57.353458404541,0.0,21.2,38.3,0.1578947368421052,0.25,0.0,0.0,0.19047619047619047
1419,21.25000013,38.35,21.35000013,38.25,20,17.5096292532625,17.6382141936386,0.0,51.0273971557617,0.0,21.3,38.3,0.0,0.0,0.0,0.0,0.09523809523809523
1420,21.35000013,38.35,21.45000013,38.25,20,34.0480387043143,32.3443362841105,0.0,118.583335876465,0.0,21.4,38.3,0.0,0.0,0.0,0.0,0.047619047619047616
1421,21.45000013,38.35,21.55000013,38.25,20,31.0104582230981,40.8181057319355,0.0,118.440002441406,0.0,21.5,38.3,0.0,0.0,0.0,0.0,0.0
1422,21.55000013,38.35,21.65000013,38.25,20,49.2353112244487,29.7509224337502,0.0,89.46875,0.0,21.6,38.3,0.0,0.0,0.0,0.0,0.0
1423,21.65000013,38.35,21.75000013,38.25,20,42.2778260350848,23.7447955410162,0.0,81.33740234375,0.0,21.7,38.3,0.0,0.0,0.0,0.0,0.0
1424,15.55000013,38.25,15.65000013,38.15,19,173.161254449851,154.875590267682,0.0,593.0,13.231348326381,15.6,38.2,14.526315789473683,16.099999999999998,0.0,0.0,14.619047619047617
1425,16.25000013,38.25,16.35000013,38.15,19,455.739909446074,301.781049529575,0.0,971.099975585938,0.177676025666667,16.3,38.2,5.157894736842105,5.9,0.0,0.0,4.333333333333333
1426,20.25000013,38.25,20.35000013,38.15,20,772.610932430046,587.520389213591,0.0,2608.0,0.0,20.3,38.2,46.15789473684215,47.24999999999999,0.0,0.0,46.71428571428573
1427,20.75000013,38.25,20.85000013,38.15,20,202.509266380557,98.8920493420319,0.0,306.666656494141,0.0,20.8,38.2,8.947368421052628,7.899999999999994,0.0,0.0,6.476190476190472
1428,20.85000013,38.25,20.95000013,38.15,20,213.683352599541,67.1492203501173,56.4220275878906,301.406372070312,0.0,20.9,38.2,13.736842105263149,13.650000000000013,0.0,0.0,10.047619047619037
1429,20.95000013,38.25,21.05000013,38.15,20,90.8676134040675,6.41150172715041,76.0993347167969,108.597717285156,0.0,21.0,38.2,7.736842105263159,8.149999999999993,0.0,0.0,5.52380952380952
1430,21.05000013,38.25,21.15000013,38.15,20,79.4925607091023,8.52896816474735,58.0621070861816,97.071647644043,0.0,21.1,38.2,2.789473684210525,2.400000000000001,0.0,0.0,1.9047619047619053
1431,21.15000013,38.25,21.25000013,38.15,20,62.5300164947079,7.25453361605658,46.9434967041016,77.6978149414062,0.0,21.2,38.2,0.7894736842105263,1.2500000000000004,0.0,0.0,0.7619047619047621
1432,21.25000013,38.25,21.35000013,38.15,20,47.7436752333823,9.58432252048168,18.4296875,67.3828125,0.0,21.3,38.2,0.3157894736842105,0.2,0.0,0.0,0.2857142857142857
1433,21.45000013,38.25,21.55000013,38.15,20,47.8552975448482,40.8297662629446,0.0,133.470886230469,0.0,21.5,38.2,0.0,0.0,0.0,0.0,0.0
1434,21.55000013,38.25,21.65000013,38.15,20,66.4365319326171,35.4149641441531,0.0,116.331207275391,0.0,21.6,38.2,0.0,0.0,0.0,0.0,0.0
1435,21.65000013,38.25,21.75000013,38.15,20,21.9172806493265,30.9275260737825,0.0,94.3539733886719,0.0,21.7,38.2,0.0,0.0,0.0,0.0,0.0
1436,15.55000013,38.15,15.65000013,38.05,19,559.967588758148,285.651903153177,0.0,1115.59997558594,0.0027371568571428,15.6,38.1,2.473684210526316,3.2,0.0,0.0,3.7142857142857144
1437,16.15000013,38.15,16.25000013,38.05,19,239.520734354854,231.538030758489,0.0,825.049987792969,98.1677262338095,16.2,38.1,8.105263157894736,2.55,0.0,19.19047619047619,8.428571428571429
1438,20.25000013,38.15,20.35000013,38.05,20,516.866886622376,264.521492663288,131.399993896484,1164.79992675781,0.0,20.3,38.1,50.63157894736846,51.75,0.0,0.0,48.476190476190496
1439,20.35000013,38.15,20.45000013,38.05,20,178.01059016976,138.042023872816,0.0,581.446166992188,0.0,20.4,38.1,21.894736842105267,22.750000000000018,0.0,0.0,23.857142857142833
1440,20.85000013,38.15,20.95000013,38.05,20,190.14523299949,68.8958860070699,67.1898498535156,298.955841064453,0.0,20.9,38.1,12.315789473684209,10.55,0.0,0.0,9.333333333333327
1441,20.95000013,38.15,21.05000013,38.05,20,98.6978990679344,12.2384452988319,78.9755783081055,133.0,0.0,21.0,38.1,7.105263157894735,6.149999999999996,0.0,0.0,4.619047619047617
1442,21.05000013,38.15,21.15000013,38.05,20,87.47854603827,6.39254523570084,75.7328872680664,112.04296875,0.0,21.1,38.1,2.894736842105263,3.6499999999999977,0.0,0.0,1.9047619047619055
1443,21.15000013,38.15,21.25000013,38.05,20,73.583151710944,4.92799510153495,55.6384429931641,81.5500030517578,0.0,21.2,38.1,1.1052631578947367,1.1000000000000003,0.0,0.0,0.5714285714285714
1444,21.25000013,38.15,21.35000013,38.05,20,39.3932653595047,21.5522390432103,0.0,71.0170745849609,0.0,21.3,38.1,0.1578947368421052,0.1,0.0,0.0,0.047619047619047616
1445,16.15000013,38.05,16.25000013,37.95,19,362.374736751947,256.059343260311,0.4765625,1045.25,27.9714299444286,16.2,38.0,8.157894736842104,10.7,0.0,0.0,11.19047619047619
1446,20.25000013,38.05,20.35000013,37.95,20,632.309445907672,162.676912754475,334.695037841797,1124.12866210938,0.0,20.3,38.0,55.94736842105264,61.899999999999984,0.0,0.0,60.04761904761906
1447,20.45000013,38.05,20.55000013,37.95,20,369.396738409996,160.894269174075,115.641395568848,858.983032226563,0.0,20.5,38.0,27.421052631578952,25.55000000000001,0.0,0.0,26.761904761904734
1448,20.55000013,38.05,20.65000013,37.95,20,186.798990012457,96.2378806800832,40.1254730224609,450.661499023438,0.0,20.6,38.0,13.789473684210511,13.2,0.0,0.0,13.952380952380944
1449,20.65000013,38.05,20.75000013,37.95,20,73.970540046071,25.2490650835977,23.8828125,212.997650146484,0.0,20.7,38.0,9.31578947368421,6.549999999999996,0.0,0.0,5.714285714285713
1450,20.75000013,38.05,20.85000013,37.95,20,202.526767132429,134.355415783182,1.11930179595947,463.920043945312,0.0,20.8,38.0,4.947368421052633,4.549999999999998,0.0,0.0,4.142857142857141
1451,20.85000013,38.05,20.95000013,37.95,20,201.036931254474,69.8706632036477,0.870484828948975,453.712280273438,0.0,20.9,38.0,11.05263157894736,10.800000000000006,0.0,0.0,8.380952380952374
1452,20.95000013,38.05,21.05000013,37.95,20,130.211294220485,16.5939049910237,57.2873764038086,205.583206176758,0.0,21.0,38.0,5.473684210526314,6.249999999999995,0.0,0.0,5.047619047619046
1453,21.05000013,38.05,21.15000013,37.95,20,81.2465489023469,19.2243739113816,11.4479999542236,143.921875,0.0,21.1,38.0,2.421052631578947,2.6,0.0,0.0,1.3333333333333341
1454,21.15000013,38.05,21.25000013,37.95,20,46.2796297003192,28.3724759102257,0.0,83.2124557495117,0.0,21.2,38.0,0.5263157894736842,0.4999999999999999,0.0,0.0,0.5714285714285714
1455,15.35000013,37.95,15.45000013,37.85,19,765.014222513574,327.424150687717,0.0,1312.30004882812,0.0,15.4,37.9,6.526315789473684,7.399999999999999,0.0,0.0,5.571428571428571
1456,15.75000013,37.95,15.85000013,37.85,19,417.093182486792,413.727116392789,0.0,1282.80004882812,0.246190681761905,15.8,37.9,11.210526315789474,11.2,0.0,0.0,11.523809523809524
1457,15.85000013,37.95,15.95000013,37.85,19,458.025687195361,419.068807976898,0.0,1318.69995117188,0.904987432761905,15.9,37.9,9.473684210526317,8.55,0.0,0.0,8.952380952380953
1458,15.95000013,37.95,16.05000013,37.85,19,209.345578345677,260.557150090244,0.0,1076.87890625,36.4400405285714,16.0,37.9,22.84210526315789,23.65,0.0,0.0,22.523809523809526
1459,16.05000013,37.95,16.15000013,37.85,19,216.615730608503,234.264640491657,0.0,1009.71435546875,36.673630992381,16.1,37.9,31.73684210526316,32.35,0.0,0.0,30.047619047619047
1460,20.55000013,37.95,20.65000013,37.85,20,331.067366672887,192.767152634198,0.0,820.63330078125,0.0,20.6,37.9,18.21052631578947,21.200000000000006,0.0,0.0,20.14285714285713
1461,20.75000013,37.95,20.85000013,37.85,20,102.600433927761,89.3057010076429,0.0,381.82470703125,0.0,20.8,37.9,2.4736842105263155,2.0500000000000003,0.0,0.0,2.1428571428571432
1462,20.85000013,37.95,20.95000013,37.85,20,342.744737709562,166.189448381343,44.4821128845215,889.980651855469,0.0,20.9,37.9,8.999999999999995,7.699999999999994,0.0,0.0,6.380952380952374
1463,20.95000013,37.95,21.05000013,37.85,20,246.897345846474,174.040141299492,0.185662284493446,574.350036621094,0.0,21.0,37.9,7.473684210526316,6.949999999999996,0.0,0.0,5.666666666666664
1464,15.25000013,37.85,15.35000013,37.75,19,495.162272059708,333.653595850822,0.0,1132.69995117188,0.031173771,15.3,37.8,8.578947368421053,9.95,0.0,0.0,9.238095238095237
1465,20.55000013,37.85,20.65000013,37.75,20,576.977445289493,322.957803825288,0.0,1233.32727050781,0.0,20.6,37.8,26.10526315789475,24.55000000000001,0.0,0.0,23.190476190476172
1466,20.95000013,37.85,21.05000013,37.75,20,396.902480129729,161.756955768961,1.2265625,630.079956054688,0.0,21.0,37.8,6.999999999999997,7.999999999999995,0.0,0.0,5.571428571428568
1467,21.05000013,37.85,21.15000013,37.75,20,316.910132233946,221.78434271129,0.0,650.485717773437,0.0,21.1,37.8,3.0526315789473686,3.45,0.0,0.0,2.9047619047619055
1468,21.15000013,37.85,21.25000013,37.75,20,43.209995478314,50.8760028900929,0.0,207.25390625,0.0,21.2,37.8,0.894736842105263,1.2000000000000002,0.0,0.0,0.5238095238095237
1469,15.25000013,37.75,15.35000013,37.65,19,747.411385791997,352.800788880343,98.5999984741211,1584.0,0.0,15.3,37.7,10.052631578947368,9.7,0.0,0.0,8.666666666666666
1470,20.65000013,37.75,20.75000013,37.65,20,363.681911498308,256.579072159051,0.0,1121.0,0.0,20.7,37.7,17.368421052631565,16.500000000000007,0.0,0.0,14.76190476190475
1471,20.85000013,37.75,20.95000013,37.65,20,29.622970506219,38.6506306090647,0.0,194.0546875,0.0,20.9,37.7,4.947368421052633,4.649999999999996,0.0,0.0,4.476190476190476
1472,20.95000013,37.75,21.05000013,37.65,20,178.544322776571,204.415314605239,0.0,641.200012207031,0.0,21.0,37.7,7.526315789473683,7.599999999999994,0.0,0.0,7.047619047619044
1473,21.05000013,37.75,21.15000013,37.65,20,656.980076089501,155.090249752731,209.80078125,981.200012207031,0.0,21.1,37.7,6.315789473684212,5.949999999999996,0.0,0.0,5.619047619047613
1474,21.15000013,37.75,21.25000013,37.65,20,415.599618670841,226.96561328817,69.0,901.599975585938,0.0,21.2,37.7,3.4736842105263177,3.95,0.0,0.0,3.000000000000001
1475,21.25000013,37.75,21.35000013,37.65,20,39.5264005518467,59.6700616112404,0.0,358.200012207031,0.0,21.3,37.7,2.105263157894736,1.8000000000000005,0.0,0.0,1.142857142857143
1476,15.15000027,37.65,15.25000013,37.55,19,267.501329889107,232.472439519505,0.0,918.400024414062,302.524240625714,15.2,37.6,53.47368421052632,15.45,72.05,101.90476190476191,56.0952380952381
1477,20.75000013,37.65,20.85000013,37.55,20,782.717168953684,440.01002354598,0.0,2124.39990234375,0.0,20.8,37.6,25.0,25.25000000000001,0.0,0.0,22.4285714285714
1478,20.85000013,37.65,20.95000013,37.55,20,519.907470373644,226.258435007708,0.0,1061.19995117188,0.0,20.9,37.6,18.57894736842104,17.050000000000008,0.0,0.0,20.09523809523807
1479,20.95000013,37.65,21.05000013,37.55,20,418.228973377202,205.582270913739,80.5999984741211,1141.0,0.0,21.0,37.6,16.73684210526314,15.9,0.0,0.0,16.6190476190476
1480,21.25000013,37.65,21.35000013,37.55,20,267.607288125786,250.646337305065,0.0,1013.40002441406,0.0,21.3,37.6,3.8947368421052646,5.249999999999998,0.0,0.0,3.809523809523809
1481,21.35000013,37.65,21.45000013,37.55,20,96.4752044932749,121.779270614913,0.0,489.600006103516,0.0,21.4,37.6,0.894736842105263,1.2500000000000002,0.0,0.0,1.2380952380952384
1482,15.15000027,37.55,15.25000013,37.45,19,655.09067746376,313.916768960642,11.5200004577637,1353.5,0.0,15.2,37.5,13.157894736842106,12.1,0.0,0.0,12.666666666666666
1483,21.25000013,37.55,21.35000013,37.45,20,668.638129356835,188.812981910625,313.799987792969,1082.19995117188,0.0,21.3,37.5,11.842105263157888,14.45,0.0,0.0,12.666666666666657
1484,21.35000013,37.55,21.45000013,37.45,20,703.596744947963,108.907972007777,317.200012207031,943.599975585938,0.0,21.4,37.5,7.578947368421052,6.899999999999993,0.0,0.0,7.5714285714285685
1485,21.45000013,37.55,21.55000013,37.45,20,480.038771620176,241.321439959747,6.2350001335144,946.799987792969,0.0,21.5,37.5,2.1578947368421053,2.0000000000000004,0.0,0.0,2.190476190476191
1486,21.55000013,37.55,21.65000013,37.45,20,64.6177843483424,116.687770137477,0.0,666.400024414062,0.0,21.6,37.5,0.0,0.05,0.0,0.0,0.047619047619047616
1487,15.15000027,37.45,15.25000013,37.35,19,537.122167341411,315.832630525117,27.015625,1150.19995117188,0.0433950353333333,15.2,37.4,38.578947368421055,42.900000000000006,0.0,0.0,36.95238095238095
1488,21.55000013,37.45,21.65000013,37.35,20,328.889004224685,206.966426511151,0.0,729.400024414062,0.0,21.6,37.4,0.7894736842105263,1.4,0.0,0.0,1.476190476190476
1489,15.15000027,37.35,15.25000013,37.25,19,61.5458317168781,107.942739380676,0.0,739.400024414062,295.221264613333,15.2,37.3,157.89473684210526,43.95,60.55,162.19047619047618,147.0
1490,21.45000013,37.35,21.55000013,37.25,20,721.535069796774,133.033250109025,417.200012207031,938.200012207031,0.0,21.5,37.3,5.2631578947368425,5.099999999999998,0.0,0.0,5.095238095238093
1491,21.55000013,37.35,21.65000013,37.25,20,235.495049889187,132.36602968812,1.70200002193451,545.599975585938,0.0,21.6,37.3,1.8421052631578945,2.0000000000000004,0.0,0.0,2.4761904761904763
1492,15.15000027,37.25,15.25000013,37.15,19,7.46935148543141,13.6122913162506,0.0,90.7996215820312,280.333605168095,15.2,37.2,338.52631578947364,70.65,25.4,276.5714285714286,324.80952380952385
1493,15.25000013,37.25,15.35000013,37.15,19,418.21378551853,409.311463862583,0.0,1664.40002441406,0.447978530619048,15.3,37.2,59.73684210526316,63.24999999999999,0.0,0.0,57.76190476190476
1494,21.45000013,37.25,21.55000013,37.15,20,641.536101954679,211.324598877511,70.0,931.599975585938,0.0,21.5,37.2,4.368421052631579,4.599999999999999,0.0,0.0,4.142857142857142
1495,15.25000013,37.15,15.35000013,37.05,19,170.963415022474,257.437376110761,0.0,2490.19995117188,0.0,15.3,37.1,79.89473684210526,85.75,0.0,0.0,79.33333333333333
1496,21.45000013,37.15,21.55000013,37.05,20,420.341620217595,210.702826359452,0.0,853.200012207031,0.0,21.5,37.1,3.842105263157895,3.45,0.0,0.0,3.2857142857142865
1497,21.45000013,37.05,21.55000013,36.95,20,733.421204046346,295.340751817963,0.0,1621.90002441406,0.0,21.5,37.0,6.473684210526316,5.849999999999996,0.0,0.0,4.238095238095236
1498,21.55000013,37.05,21.65000013,36.95,20,191.309333896562,202.254027756774,0.0,883.224975585938,0.0,21.6,37.0,1.2631578947368418,1.4000000000000004,0.0,0.0,0.9523809523809523
1499,21.95000013,37.05,22.05000013,36.95,20,63.1354428136773,95.3234996778131,0.0,415.24609375,0.0,22.0,37.0,0.0,0.0,0.0,0.0,0.0
1500,22.05000013,37.05,22.15000013,36.95,20,126.480689589762,137.987729160605,0.0,486.423553466797,0.0,22.1,37.0,0.0526315789473684,0.0,0.0,0.0,0.0
1501,21.95000013,36.95,22.05000013,36.85,20,246.955431942311,152.411689111585,22.47265625,614.202819824219,0.0,22.0,36.9,0.0526315789473684,0.0,0.0,0.0,0.0
1502,22.05000013,36.95,22.15000013,36.85,20,542.603344207448,252.304816535849,0.0,880.335998535156,0.0,22.1,36.9,0.0,0.0,0.0,0.0,0.0
1503,21.65000013,36.85,21.75000013,36.75,20,93.5301318888734,117.029136976445,0.0,712.424072265625,0.0,21.7,36.8,1.526315789473684,1.8500000000000003,0.0,0.0,1.7142857142857149
1504,21.95000013,36.85,22.05000013,36.75,20,181.65717197132,141.936529801915,0.0,499.963653564453,0.0,22.0,36.8,0.1578947368421052,0.15,0.0,0.0,0.0
1505,22.25000013,36.85,22.35000013,36.75,20,136.176534654327,223.114984394218,0.0,899.063659667969,0.0,22.3,36.8,0.0,0.0,0.0,0.0,0.0
1506,21.75000013,36.75,21.85000013,36.65,20,357.585345818778,347.930759072774,0.0,1607.28002929688,0.0,21.8,36.7,1.6315789473684208,1.4000000000000006,0.0,0.0,1.3809523809523812
1507,21.85000013,36.75,21.95000013,36.65,20,196.088243520625,234.470230252497,0.0,1049.2470703125,0.0,21.9,36.7,0.4736842105263157,0.35,0.0,0.0,0.23809523809523808
1508,21.95000013,36.75,22.05000013,36.65,20,560.642987897413,291.888311959726,43.1328125,1161.10766601562,0.0,22.0,36.7,0.4210526315789473,1.05,0.0,0.0,0.5714285714285714
1509,22.25000013,36.75,22.35000013,36.65,20,606.863721651129,341.176507849051,0.0,1151.08337402344,0.0,22.3,36.7,0.1052631578947368,0.05,0.0,0.0,0.09523809523809523
1510,22.55000013,36.75,22.65000013,36.65,20,250.729760039753,197.257652721729,0.0,801.244750976563,0.0,22.6,36.7,0.0,0.0,0.0,0.0,0.0
1511,22.65000013,36.75,22.75000013,36.65,20,708.413209214807,194.690136911349,247.055694580078,1104.27770996094,0.0,22.7,36.7,0.0,0.0,0.0,0.0,0.0
1512,22.75000013,36.75,22.85000013,36.65,20,262.813585555627,338.861910556841,0.0,1101.5,0.0,22.8,36.7,0.0,0.05,0.0,0.0,0.0
1513,22.45000013,36.65,22.55000013,36.55,20,74.0641438095416,111.445724825604,0.0,518.837341308594,0.0,22.5,36.6,0.0,0.0,0.0,0.0,0.0
1514,22.55000013,36.65,22.65000013,36.55,20,690.877096474999,250.696820492717,0.0,1195.32690429688,0.0,22.6,36.6,0.0526315789473684,0.0,0.0,0.0,0.0
1515,22.75000013,36.65,22.85000013,36.55,20,626.403408389952,304.734534218446,60.6484375,1324.35571289062,0.0,22.8,36.6,0.0,0.0,0.0,0.0,0.047619047619047616
1516,22.85000013,36.65,22.95000013,36.55,20,97.2774630172611,144.274930615207,0.0,604.754211425781,0.0,22.9,36.6,0.0,0.0,0.0,0.0,0.0
1517,15.35000013,36.55,15.45000013,36.45,19,238.846045927041,206.889539138468,86.3000030517578,1099.30004882812,5338.39916852381,15.4,36.5,1440.7368421052631,0.05,712.1,2062.523809523809,1386.142857142857
1518,22.85000013,36.55,22.95000013,36.45,20,326.40035156343,247.435685530825,0.0,921.440063476563,0.0,22.9,36.5,0.0,0.0,0.0,0.0,0.0
1519,15.35000013,36.45,15.45000013,36.35,19,180.732470065355,38.2732310348336,93.74609375,408.799987792969,0.0,15.4,36.4,83.15789473684211,76.25,0.0,0.0,82.52380952380952
1520,22.35000013,36.45,22.45000013,36.35,20,495.869837658687,342.363297053861,0.0,1240.32421875,0.0,22.4,36.4,0.2631578947368421,0.05,0.0,0.0,0.38095238095238093
1521,22.45000013,36.45,22.55000013,36.35,20,475.675517980785,446.738874901486,0.0,1419.6640625,0.0,22.5,36.4,0.1578947368421052,0.05,0.0,0.0,0.09523809523809523
1522,22.85000013,36.45,22.95000013,36.35,20,419.163267539271,310.197441210291,0.0,1031.10998535156,0.0,22.9,36.4,0.0,0.0,0.0,0.0,0.0
1523,15.35000013,36.35,15.45000013,36.25,19,416.564277495154,202.68887019007,17.3500003814697,1318.40002441406,0.0,15.4,36.3,12.578947368421051,10.55,0.0,0.0,11.19047619047619
1524,15.35000013,36.25,15.45000013,36.15,19,594.671174102359,328.318005665649,117.199996948242,1429.80004882812,0.0,15.4,36.2,9.789473684210526,9.2,0.0,0.0,6.666666666666667
1525,22.75000013,36.25,22.85000013,36.15,20,642.795239157147,210.844419497743,303.05078125,1303.9130859375,0.0,22.8,36.2,0.0526315789473684,0.1,0.0,0.0,0.14285714285714285
1526,15.35000013,36.15,15.45000013,36.05,19,337.562118714054,110.640286154234,146.19140625,902.200012207031,0.0,15.4,36.1,9.68421052631579,7.949999999999999,0.0,0.0,6.666666666666666
1527,22.75000013,36.15,22.85000013,36.05,20,347.919023851554,91.0838809276475,163.625,549.293884277344,0.0,22.8,36.1,0.1052631578947368,0.15,0.0,0.0,0.09523809523809523
1528,22.85000013,36.15,22.95000013,36.05,20,375.18178821976,228.036811346469,22.4296875,852.0,0.0,22.9,36.1,0.0526315789473684,0.05,0.0,0.0,0.047619047619047616
1529,15.35000013,36.05,15.45000013,35.95,19,426.67282397093,193.038323328516,31.6000003814697,1186.69995117188,0.0,15.4,36.0,5.315789473684211,5.3,0.0,0.0,4.857142857142857
1530,22.75000013,36.05,22.85000013,35.95,20,479.452499930229,237.366530727595,80.0198974609375,1466.92724609375,0.0,22.8,36.0,0.4210526315789473,0.15,0.0,0.0,0.23809523809523808
1531,22.85000013,36.05,22.95000013,35.95,20,593.584475369089,156.488632416287,124.154190063477,969.836120605469,0.0,22.9,36.0,0.2105263157894736,0.45,0.0,0.0,0.7142857142857142
1532,15.35000013,35.95,15.45000013,35.85,19,347.534447347124,68.5050961654668,135.385482788086,562.799987792969,0.0,15.4,35.9,4.578947368421052,4.4,0.0,0.0,3.6666666666666665
1533,15.45000013,35.95,15.55000013,35.85,19,481.709414601326,100.908646255379,363.600006103516,829.799987792969,0.0,15.5,35.9,2.368421052631579,2.3000000000000003,0.0,0.0,1.9047619047619047
1534,15.55000013,35.95,15.65000013,35.85,19,596.310118880537,225.998435544598,388.799987792969,1793.0,0.0,15.6,35.9,1.3157894736842106,1.75,0.0,0.0,1.5714285714285714
1535,15.35000013,35.85,15.45000013,35.75,19,336.000487122271,46.3827362488788,227.974975585938,417.438171386719,0.0,15.4,35.8,4.526315789473685,4.4,0.0,0.0,3.238095238095238
1536,15.45000013,35.85,15.55000013,35.75,19,423.203597436349,20.3299317289996,322.73046875,453.241088867188,0.0,15.5,35.8,2.9473684210526314,2.2,0.0,0.0,2.333333333333333
1537,15.55000013,35.85,15.65000013,35.75,19,401.705085055696,54.3010503372968,296.110900878906,510.600006103516,0.0,15.6,35.8,2.0526315789473686,1.65,0.0,0.0,2.0952380952380953
1538,15.65000013,35.85,15.75000013,35.75,19,729.998398850361,380.870255427826,302.304718017578,1936.19995117188,0.0,15.7,35.8,0.7894736842105263,1.4,0.0,0.0,1.2857142857142858
1539,15.35000013,35.75,15.45000013,35.65,19,328.382420673966,53.295429756701,142.416763305664,437.638244628906,0.0,15.4,35.7,3.421052631578948,2.3,0.0,0.0,2.238095238095238
1540,15.45000013,35.75,15.55000013,35.65,19,467.855249363515,100.34732064397,136.388488769531,676.049499511719,0.0,15.5,35.7,2.4736842105263155,2.55,0.0,0.0,1.6666666666666667
1541,15.55000013,35.75,15.65000013,35.65,19,492.251137508286,83.8296524901226,303.601745605469,689.733581542969,0.0,15.6,35.7,2.210526315789474,1.7,0.0,0.0,2.0
1542,15.35000013,35.65,15.45000013,35.55,19,304.907681915495,53.8667613014793,173.599578857422,383.116882324219,0.0,15.4,35.6,1.6842105263157894,1.5,0.0,0.0,1.7142857142857142
1543,15.45000013,35.65,15.55000013,35.55,19,388.821078191201,50.3143489527516,299.9345703125,612.34619140625,0.0,15.5,35.6,1.5789473684210529,1.65,0.0,0.0,1.4285714285714286
1544,15.55000013,35.65,15.65000013,35.55,19,486.001379036241,51.4936070061602,401.029388427734,624.467041015625,0.0,15.6,35.6,1.2105263157894737,1.15,0.0,0.0,1.2380952380952381
1545,15.65000013,35.65,15.75000013,35.55,19,609.164116501808,90.4811018400056,497.000305175781,1303.40002441406,0.0,15.7,35.6,1.526315789473684,1.5499999999999998,0.0,0.0,1.1904761904761905
1546,15.35000013,35.55,15.45000013,35.45,19,362.157129774491,24.7287698289249,283.682281494141,432.289337158203,0.0,15.4,35.5,0.7368421052631579,0.95,0.0,0.0,0.8571428571428571
1547,15.45000013,35.55,15.55000013,35.45,19,383.695539618532,62.2043317365763,243.910415649414,467.039367675781,0.0,15.5,35.5,1.105263157894737,1.0,0.0,0.0,1.0476190476190477
1548,15.55000013,35.55,15.65000013,35.45,19,434.281512611442,51.0632870255586,308.633575439453,509.872222900391,0.0,15.6,35.5,1.1052631578947367,0.8500000000000001,0.0,0.0,0.47619047619047616
1549,15.65000013,35.55,15.75000013,35.45,19,507.855444543892,99.8354793808801,351.728393554688,858.876220703125,0.0,15.7,35.5,1.0,1.25,0.0,0.0,0.9523809523809523
1550,15.35000013,35.45,15.45000013,35.35,19,395.081559250752,25.1810221049261,311.814086914062,440.618438720703,0.0,15.4,35.4,0.5789473684210527,0.8999999999999999,0.0,0.0,1.0
1551,15.45000013,35.45,15.55000013,35.35,19,368.201448884275,34.597850560381,314.957946777344,462.589996337891,0.0,15.5,35.4,0.2105263157894736,0.4,0.0,0.0,0.8571428571428571
1552,15.55000013,35.45,15.65000013,35.35,19,353.649389372932,25.6446963745866,286.680908203125,387.706298828125,0.0,15.6,35.4,0.7894736842105263,0.4,0.0,0.0,0.47619047619047616
1553,15.65000013,35.45,15.75000013,35.35,19,387.493445008993,43.7809560657784,314.768035888672,592.897277832031,0.0,15.7,35.4,0.5263157894736842,0.55,0.0,0.0,0.6190476190476191
1554,15.75000013,35.45,15.85000013,35.35,19,398.24567219615,37.5799609521938,315.312316894531,571.597351074219,0.0,15.8,35.4,0.1578947368421052,0.2,0.0,0.0,0.5714285714285714
1555,15.85000013,35.45,15.95000013,35.35,19,634.739996115367,298.386425374324,410.147003173828,1912.64306640625,0.0,15.9,35.4,0.1578947368421052,0.5,0.0,0.0,0.2857142857142857
1556,15.35000013,35.35,15.45000013,35.25,19,367.575718273719,23.4008417204143,312.178192138672,422.338623046875,0.0,15.4,35.3,0.3684210526315789,0.3,0.0,0.0,0.23809523809523808
1557,15.45000013,35.35,15.55000013,35.25,19,375.214731236299,22.2752529709502,314.973785400391,407.110534667969,0.0,15.5,35.3,0.2105263157894736,0.4499999999999999,0.0,0.0,0.42857142857142855
1558,15.55000013,35.35,15.65000013,35.25,19,367.724082152049,17.5044603265839,321.655029296875,407.235931396484,0.0,15.6,35.3,0.2631578947368421,0.35,0.0,0.0,0.2857142857142857
1559,15.65000013,35.35,15.75000013,35.25,19,355.250260505411,20.0404890607918,321.804779052734,393.680969238281,0.0,15.7,35.3,0.2105263157894736,0.15,0.0,0.0,0.2857142857142857
1560,15.75000013,35.35,15.85000013,35.25,19,396.572501920991,12.4851202550196,372.216278076172,425.798675537109,0.0,15.8,35.3,0.2631578947368421,0.25,0.0,0.0,0.09523809523809523
1561,15.85000013,35.35,15.95000013,35.25,19,468.025875177648,36.0867213787258,406.399078369141,547.050354003906,0.0,15.9,35.3,0.0526315789473684,0.15,0.0,0.0,0.09523809523809523
1562,15.95000013,35.35,16.05000013,35.25,19,691.7724598017,214.054612470415,493.139831542969,1455.39660644531,0.0,16.0,35.3,0.1578947368421052,0.3,0.0,0.0,0.047619047619047616
1563,15.35000013,35.25,15.45000013,35.15,19,468.611473444435,43.9833008361317,396.4423828125,555.229370117188,0.0,15.4,35.2,0.4210526315789473,0.25,0.0,0.0,0.47619047619047616
1564,15.45000013,35.25,15.55000013,35.15,19,469.325775954458,46.633352597028,396.259826660156,558.266967773438,0.0,15.5,35.2,0.5263157894736842,0.35,0.0,0.0,0.2857142857142857
1565,15.55000013,35.25,15.65000013,35.15,19,420.089549902413,72.5575585626765,317.949951171875,595.780700683594,0.0,15.6,35.2,0.2631578947368421,0.1,0.0,0.0,0.09523809523809523
1566,15.65000013,35.25,15.75000013,35.15,19,432.115636977884,69.1112496678664,323.052764892578,595.818054199219,0.0,15.7,35.2,0.0526315789473684,0.05,0.0,0.0,0.047619047619047616
1567,15.75000013,35.25,15.85000013,35.15,19,410.139293213685,41.018413711888,371.838043212891,574.253845214844,0.0,15.8,35.2,0.2105263157894736,0.05,0.0,0.0,0.0
1568,15.85000013,35.25,15.95000013,35.15,19,469.06453201837,30.9289590826978,395.621246337891,527.289367675781,0.0,15.9,35.2,0.0526315789473684,0.05,0.0,0.0,0.09523809523809523
1569,15.95000013,35.25,16.05000013,35.15,19,664.660651918915,150.702766319147,509.047180175781,1144.41577148438,0.0,16.0,35.2,0.0526315789473684,0.05,0.0,0.0,0.2857142857142857
1570,15.35000013,35.15,15.45000013,35.05,19,419.38997058736,108.024920099447,185.957412719727,554.679138183594,0.0,15.4,35.1,0.2631578947368421,0.05,0.0,0.0,0.19047619047619047
1571,15.45000013,35.15,15.55000013,35.05,19,496.54443627927,55.2584859681786,293.912750244141,567.993469238281,0.0,15.5,35.1,0.1578947368421052,0.15,0.0,0.0,0.2857142857142857
1572,15.55000013,35.15,15.65000013,35.05,19,342.053326384889,94.1599636318848,178.690948486328,611.140319824219,0.0,15.6,35.1,0.4210526315789473,0.15,0.0,0.0,0.09523809523809523
1573,15.65000013,35.15,15.75000013,35.05,19,477.203322158919,114.486597692603,259.647369384766,651.795349121094,0.0,15.7,35.1,0.1052631578947368,0.2,0.0,0.0,0.23809523809523808
1574,15.75000013,35.15,15.85000013,35.05,19,506.114660951826,54.9573943462325,322.712890625,645.752868652344,0.0,15.8,35.1,0.0526315789473684,0.1,0.0,0.0,0.14285714285714285
1575,15.85000013,35.15,15.95000013,35.05,19,491.181006646819,24.6142350422486,452.717681884766,607.557983398438,0.0,15.9,35.1,0.2105263157894736,0.05,0.1,0.047619047619047616,0.2857142857142857
